Tahun;Provinsi;Kabupaten/Kota;Timbulan Sampah Tahunan(ton);Sisa Makanan (%);Kayu-Ranting (%);Kertas-Karton (%);Plastik(%);Logam(%);Kain(%);Karet- Kulit (%);Kaca(%);Lainnya(%)
2022;Aceh;Kab. Aceh Selatan;35.217,68;;;;;;;;;
2022;Aceh;Kab. Aceh Tenggara;33.332,97;41,00;11,00;2,00;18,00;2,00;5,00;17,00;4,00;
2022;Aceh;Kab. Aceh Timur;63.195,95;37,00;14,00;5,00;26,00;5,00;3,00;2,00;4,00;4,00
2022;Aceh;Kab. Aceh Barat;37.021,59;41,80;13,30;10,70;18,20;3,10;2,60;1,80;2,00;6,50
2022;Aceh;Kab. Pidie;64.897,73;8,50;7,50;19,30;35,70;4,00;1,00;3,00;2,00;19,00
2022;Aceh;Kab. Simeulue;16.280,89;5,18;13,05;11,93;35,73;16,88;6,65;5,55;2,03;3,00
2022;Aceh;Kab. Aceh Singkil;19.261,34;30,00;10,00;15,00;22,00;2,00;5,00;3,00;2,00;11,00
2022;Aceh;Kab. Aceh Barat Daya;28.348,09;32,50;11,00;20,00;12,00;11,00;1,50;3,00;4,00;5,00
2022;Aceh;Kab. Gayo Lues;14.986,02;35,00;23,00;5,00;25,00;;;;2,00;10,00
2022;Aceh;Kab. Aceh Jaya;17.231,29;65,00;1,00;11,00;14,00;3,50;1,00;1,00;2,50;1,00
2022;Aceh;Kab. Nagan Raya;25.315,38;38,00;14,00;11,00;20,00;1,00;1,00;2,00;1,00;12,00
2022;Aceh;Kab. Aceh Tamiang;44.062,80;35,00;15,00;15,00;30,00;1,00;1,00;1,00;1,00;1,00
2022;Aceh;Kab. Bener Meriah;24.084,74;21,00;25,00;19,00;18,00;3,00;3,00;3,00;3,00;5,00
2022;Aceh;Kab. Pidie Jaya;29.029,44;19,00;26,30;13,00;26,00;2,50;3,50;3,70;3,50;2,50
2022;Aceh;Kota Banda Aceh;92.055,88;32,40;20,60;3,00;4,80;4,60;6,80;13,20;4,75;9,85
2022;Aceh;Kota Sabang;6.308,37;26,50;16,60;10,50;22,60;6,10;4,30;4,30;3,70;5,40
2022;Aceh;Kota Langsa;34.470,24;19,00;20,00;8,00;12,00;14,00;10,00;7,00;8,00;2,00
2022;Aceh;Kota Subulussalam;13.529,97;28,00;15,00;10,00;18,00;2,00;7,00;8,00;2,00;10,00
2022;Sumatera Utara;Kab. Tapanuli Tengah;67.397,25;54,60;0,01;11,39;13,15;0,37;3,28;0,84;1,59;14,77
2022;Sumatera Utara;Kab. Nias;21.272,35;;;;;;;;;
2022;Sumatera Utara;Kab. Langkat;190.323,78;38,00;30,00;24,00;7,00;0,20;0,20;0,10;;
2022;Sumatera Utara;Kab. Deli Serdang;411.211,01;20,50;24,00;13,80;20,20;6,00;5,00;3,00;2,00;5,50
2022;Sumatera Utara;Kab. Simalungun;186.444,74;5,50;1,93;15,44;20,46;0,37;7,70;4,50;8,60;35,50
2022;Sumatera Utara;Kab. Asahan;172.564,99;;;;;;;;;
2022;Sumatera Utara;Kab. Toba;35.059,00;;;;;;;;;
2022;Sumatera Utara;Kab. Humbang Hasundutan;21.653,73;12,00;55,00;10,00;13,00;3,00;1,00;0,20;0,80;5,00
2022;Sumatera Utara;Kota Medan;628.749,22;;;;;;;;;
2022;Sumatera Utara;Kota Pematang Siantar;88.121,44;45,00;6,00;12,00;10,00;5,00;3,00;4,00;4,00;11,00
2022;Sumatera Utara;Kota Tebing Tinggi;45.488,20;62,70;1,73;11,43;16,65;0,73;2,60;0,71;1,83;1,62
2022;Sumatera Utara;Kota Padangsidimpuan;59.065,98;49,93;7,58;13,56;12,71;0,38;3,29;1,13;2,17;9,25
2022;Sumatera Barat;Kab. Pesisir Selatan;55.803,17;20,40;19,60;23,00;19,00;16,00;0,42;1,58;;
2022;Sumatera Barat;Kab. Solok;57.558,60;29,00;20,00;12,00;22,00;2,00;2,00;2,00;2,00;9,00
2022;Sumatera Barat;Kab. Sijunjung;35.513,89;20,80;38,12;16,48;20,00;3,90;0,40;0,30;;
2022;Sumatera Barat;Kab. Tanah Datar;47.057,29;69,34;;8,63;6,00;2,24;1,57;;3,33;8,89
2022;Sumatera Barat;Kab. Padang Pariaman;79.593,54;31,82;;12,78;43,77;0,21;0,78;2,07;0,54;8,03
2022;Sumatera Barat;Kab. Agam;77.993,64;70,00;4,02;6,00;8,00;2,00;0,28;0,10;0,60;9,00
2022;Sumatera Barat;Kab. Lima Puluh Kota;55.954,79;;;;;;;;;
2022;Sumatera Barat;Kab. Pasaman;44.253,04;66,28;2,10;11,41;11,25;2,93;1,41;1,36;1,86;1,40
2022;Sumatera Barat;Kab. Dharmasraya;37.831,10;;;;;;;;;
2022;Sumatera Barat;Kab. Solok Selatan;26.988,68;34,25;0,78;16,35;25,69;0,13;0,59;0,55;2,41;19,25
2022;Sumatera Barat;Kab. Pasaman Barat;63.876,75;40,00;10,00;15,00;20,00;5,00;;;5,00;5,00
2022;Sumatera Barat;Kota Padang;234.973,13;62,80;6,84;5,70;12,40;0,19;3,30;1,50;2,40;4,87
2022;Sumatera Barat;Kota Solok;19.810,19;45,70;10,02;11,10;23,20;0,84;0,60;0,21;1,10;7,23
2022;Sumatera Barat;Kota Sawahlunto;6.882,56;46,00;10,00;11,00;14,00;3,00;5,00;4,00;5,00;2,00
2022;Sumatera Barat;Kota Padang Panjang;17.865,14;43,15;23,56;14,35;12,67;1,50;0,95;0,80;1,19;1,83
2022;Sumatera Barat;Kota Bukittinggi;45.707,54;61,12;1,14;16,50;18,72;0,46;0,89;;0,50;0,67
2022;Sumatera Barat;Kota Payakumbuh;36.608,81;51,62;7,43;11,42;21,54;0,65;1,56;0,57;0,87;4,34
2022;Sumatera Barat;Kota Pariaman;13.963,44;54,18;10,95;14,56;13,77;1,66;0,91;0,65;1,61;1,71
2022;Riau;Kab. Indragiri Hulu;66.173,19;20,00;10,00;10,00;20,00;5,00;5,00;5,00;5,00;20,00
2022;Riau;Kab. Bengkalis;95.585,50;72,90;3,62;2,89;5,02;0,52;0,96;0,91;1,98;10,66
2022;Riau;Kab. Rokan Hulu;132.613,76;30,50;6,00;8,80;20,20;0,70;3,90;1,20;1,30;27,40
2022;Riau;Kab. Rokan Hilir;121.580,59;14,00;22,00;15,00;32,00;3,00;4,00;2,00;2,00;6,00
2022;Riau;Kab. Siak;68.135,72;39,00;15,00;10,00;26,00;1,00;2,00;2,00;3,00;2,00
2022;Riau;Kab. Kuantan Singingi;50.800,55;;;;;;;;;
2022;Riau;Kota Pekanbaru;356.503,31;59,00;3,00;12,00;10,00;2,00;1,00;1,00;1,00;11,00
2022;Riau;Kota Dumai;60.559,34;48,97;7,50;5,30;8,95;2,27;3,72;2,50;2,79;18,00
2022;Jambi;Kab. Merangin;73.778,36;;;;;;;;;
2022;Jambi;Kab. Sarolangun;42.865,60;61,20;1,79;11,20;23,39;0,07;0,70;0,14;0,26;1,25
2022;Jambi;Kab. Bungo;57.857,03;60,50;4,10;14,10;5,90;1,80;1,50;5,15;1,00;5,95
2022;Jambi;Kota Jambi;159.688,01;16,11;23,84;7,38;44,07;0,89;0,57;1,23;0,30;5,61
2022;Jambi;Kota Sungai Penuh;18.295,44;24,00;;18,00;20,00;15,00;9,00;11,00;;3,00
2022;Sumatera Selatan;Kab. Ogan Komering Ulu;55.556,50;35,00;25,00;10,00;15,00;7,00;3,00;2,00;3,00;
2022;Sumatera Selatan;Kab. Muara Enim;157.811,87;61,02;8,07;7,38;17,18;1,14;1,33;0,36;0,31;3,21
2022;Sumatera Selatan;Kab. Lahat;98.406,85;60,00;10,10;2,00;14,00;1,74;5,50;0,26;0,90;5,50
2022;Sumatera Selatan;Kab. Musi Rawas;93.259,27;;;;;;;;;
2022;Sumatera Selatan;Kab. Musi Banyuasin;94.145,47;;;;;;;;;
2022;Sumatera Selatan;Kab. Banyuasin;211.235,90;39,15;8,53;16,00;13,28;0,98;1,57;1,99;1,40;17,10
2022;Sumatera Selatan;Kab. Ogan Komering Ulu Timur;102.981,68;12,00;9,00;22,00;27,00;3,00;5,00;3,00;2,00;17,00
2022;Sumatera Selatan;Kab. Penukal Abab Lematang Ilir;37.316,32;60,30;5,60;10,28;17,20;4,55;0,55;0,15;0,42;0,95
2022;Sumatera Selatan;Kota Palembang;439.815,66;53,00;5,50;14,00;17,00;1,50;3,00;4,00;1,00;1,00
2022;Sumatera Selatan;Kota Prabumulih;35.918,19;50,56;9,80;6,02;26,60;1,84;1,80;0,60;1,80;0,98
2022;Bengkulu;Kab. Bengkulu Utara;69.207,72;31,60;37,50;7,40;6,30;5,10;0,80;2,90;2,50;5,90
2022;Bengkulu;Kab. Seluma;38.417,16;59,00;7,00;9,00;9,00;10,00;1,00;1,00;1,00;3,00
2022;Bengkulu;Kab. Lebong;29.409,84;64,45;8,57;8,56;12,86;0,20;0,89;1,60;0,07;2,80
2022;Lampung;Kab. Lampung Tengah;161.774,75;41,00;1,00;2,00;24,00;1,00;19,00;8,00;3,00;1,00
2022;Lampung;Kab. Tanggamus;133.452,35;31,00;24,37;13,22;21,00;0,44;0,65;0,14;1,72;7,36
2022;Lampung;Kab. Way Kanan;70.086,13;61,00;19,00;4,00;8,00;4,00;1,00;2,00;1,00;
2022;Lampung;Kab. Pringsewu;59.396,16;50,00;15,00;5,00;20,00;1,00;0,25;0,25;0,25;8,25
2022;Lampung;Kab. Tulang Bawang Barat;41.787,68;;;;;;;;;
2022;Lampung;Kota Bandar Lampung;287.057,55;40,40;12,90;11,70;17,40;3,10;2,50;1,80;2,30;7,90
2022;Lampung;Kota Metro;38.125,71;56,47;6,24;9,40;24,07;0,56;1,25;0,27;0,88;0,86
2022;Kepulauan Bangka Belitung;Kab. Bangka;48.814,22;39,85;13,96;12,07;16,97;3,37;2,69;1,98;2,31;6,80
2022;Kepulauan Bangka Belitung;Kab. Belitung;26.864,58;1,00;28,00;2,00;63,00;0,01;1,00;2,54;2,40;0,05
2022;Kepulauan Bangka Belitung;Kab. Bangka Tengah;30.061,11;41,90;8,50;3,80;14,30;3,90;4,90;;5,50;17,20
2022;Kepulauan Bangka Belitung;Kab. Belitung Timur;18.585,22;57,00;;5,00;17,00;2,00;2,00;2,00;1,00;14,00
2022;Kepulauan Riau;Kab. Bintan;20.409,89;41,00;5,80;24,00;16,40;1,00;1,50;3,20;2,50;4,60
2022;Kepulauan Riau;Kab. Karimun;68.008,22;23,00;19,00;24,00;24,50;4,00;2,50;1,50;1,20;0,30
2022;Kepulauan Riau;Kab. Natuna;12.475,12;;;;;;;;;
2022;Kepulauan Riau;Kab. Lingga;10.376,55;41,20;13,60;18,30;10,20;1,80;8,90;3,90;1,90;0,20
2022;Kepulauan Riau;Kab. Kepulauan Anambas;4.818,00;;;;;;;;;
2022;Kepulauan Riau;Kota Batam;413.461,60;;;;;;;;;
2022;Kepulauan Riau;Kota Tanjung Pinang;56.905,36;;;;;;;;;
2022;DKI Jakarta;Kab. Adm. Kep. Seribu;6.531,08;25,50;31,59;12,17;19,18;1,27;0,74;0,44;2,03;7,08
2022;DKI Jakarta;Kota Adm. Jakarta Pusat;310.268,53;;;;;;;;;
2022;DKI Jakarta;Kota Adm. Jakarta Utara;499.480,75;;;;;;;;;
2022;DKI Jakarta;Kota Adm. Jakarta Barat;738.547,77;;;;;;;;;
2022;DKI Jakarta;Kota Adm. Jakarta Selatan;713.300,85;;;;;;;;;
2022;DKI Jakarta;Kota Adm. Jakarta Timur;844.252,43;;;;;;;;;
2022;Jawa Barat;Kab. Bandung;468.351,94;;;;;;;;;
2022;Jawa Barat;Kab. Garut;405.969,55;59,30;;6,30;20,50;1,00;2,60;;3,40;6,90
2022;Jawa Barat;Kab. Ciamis;209.758,49;38,00;0,40;16,00;20,00;10,00;4,00;1,00;10,20;0,40
2022;Jawa Barat;Kab. Kuningan;218.782,10;40,00;17,00;10,00;16,00;4,00;3,00;2,00;2,00;6,00
2022;Jawa Barat;Kab. Sumedang;161.592,02;20,00;15,00;5,00;40,00;3,00;3,00;2,00;2,00;10,00
2022;Jawa Barat;Kab. Indramayu;406.481,07;27,00;6,40;25,00;35,80;1,00;1,80;0,80;0,70;1,50
2022;Jawa Barat;Kab. Karawang;366.436,49;64,00;1,00;9,00;14,00;2,00;1,00;;1,00;8,00
2022;Jawa Barat;Kab. Bekasi;821.379,10;;;;;;;;;
2022;Jawa Barat;Kota Bogor;271.727,57;40,00;14,00;20,00;15,00;1,00;2,50;0,50;1,00;6,00
2022;Jawa Barat;Kota Sukabumi;65.828,41;39,98;13,98;13,98;17,03;3,30;2,75;2,00;2,30;4,68
2022;Jawa Barat;Kota Bandung;581.876,52;44,52;3,98;13,12;16,70;0,90;4,75;2,38;1,97;11,68
2022;Jawa Barat;Kota Bekasi;668.179,00;65,20;7,20;4,20;15,60;0,20;6,30;0,50;0,50;0,30
2022;Jawa Barat;Kota Cimahi;100.542,32;;50,60;8,60;15,60;3,10;5,30;;3,00;13,80
2022;Jawa Barat;Kota Tasikmalaya;116.475,95;48,70;;5,80;5,40;0,20;1,90;;6,30;31,60
2022;Jawa Barat;Kota Banjar;31.267,80;;;;;;;;;
2022;Jawa Tengah;Kab. Cilacap;347.055,78;57,67;1,71;9,71;16,42;1,33;1,25;;1,17;10,74
2022;Jawa Tengah;Kab. Banyumas;195.964,49;36,00;6,00;6,00;30,00;9,00;5,00;3,00;5,00;
2022;Jawa Tengah;Kab. Purbalingga;186.120,80;60,47;2,09;8,95;18,49;0,68;2,34;5,14;0,87;0,97
2022;Jawa Tengah;Kab. Kebumen;169.013,40;30,00;36,80;7,00;12,00;7,00;4,00;2,00;1,00;0,20
2022;Jawa Tengah;Kab. Purworejo;105.694,22;16,00;52,00;2,00;15,00;1,00;1,50;0,20;1,50;10,00
2022;Jawa Tengah;Kab. Wonosobo;133.682,56;68,93;1,50;12,57;10,11;3,50;0,60;0,31;1,14;1,34
2022;Jawa Tengah;Kab. Boyolali;106.781,29;;;;;;;;;
2022;Jawa Tengah;Kab. Klaten;234.703,44;67,42;3,82;10,46;15,05;0,10;0,42;0,08;0,65;2,00
2022;Jawa Tengah;Kab. Sukoharjo;132.101,09;60,80;1,88;9,81;17,03;1,98;2,28;1,82;1,27;3,13
2022;Jawa Tengah;Kab. Wonogiri;126.917,85;25,00;10,00;20,00;25,00;5,00;5,00;2,50;5,00;2,50
2022;Jawa Tengah;Kab. Karanganyar;137.065,97;63,00;2,00;5,00;20,00;1,00;2,00;2,00;3,00;2,00
2022;Jawa Tengah;Kab. Sragen;215.417,38;74,30;0,80;8,90;11,20;0,50;1,80;0,30;1,80;0,40
2022;Jawa Tengah;Kab. Grobogan;310.021,75;;;;;;;;;
2022;Jawa Tengah;Kab. Blora;139.811,75;26,00;6,00;15,00;38,00;8,00;2,00;1,50;3,00;0,50
2022;Jawa Tengah;Kab. Rembang;92.026,00;38,12;1,59;13,38;34,45;0,93;1,88;0,77;1,33;7,55
2022;Jawa Tengah;Kab. Kudus;163.578,95;24,71;21,11;15,90;18,29;6,55;4,53;3,02;4,80;1,09
2022;Jawa Tengah;Kab. Jepara;150.516,42;53,31;0,96;8,79;23,36;0,69;2,44;0,94;1,16;8,35
2022;Jawa Tengah;Kab. Demak;263.666,36;47,00;4,00;15,00;22,00;0,05;0,05;5,00;2,90;4,00
2022;Jawa Tengah;Kab. Semarang;193.421,53;;;;;;;;;
2022;Jawa Tengah;Kab. Temanggung;146.050,37;32,90;18,85;5,39;17,44;7,06;2,01;2,00;2,06;12,29
2022;Jawa Tengah;Kab. Kendal;149.652,92;83,00;6,61;0,72;5,26;0,09;0,80;0,03;0,14;3,35
2022;Jawa Tengah;Kab. Batang;207.055,41;28,00;13,00;13,00;16,00;7,00;6,00;3,00;6,00;8,00
2022;Jawa Tengah;Kab. Pekalongan;142.569,58;7,00;8,20;6,50;10,20;0,80;3,00;2,00;0,20;62,10
2022;Jawa Tengah;Kab. Pemalang;216.694,51;;;;;;;;;
2022;Jawa Tengah;Kab. Tegal;306.466,23;35,00;11,00;12,00;14,00;7,00;6,00;3,00;7,00;5,00
2022;Jawa Tengah;Kab. Brebes;366.937,60;5,00;50,00;5,00;25,00;4,00;4,00;1,00;1,00;5,00
2022;Jawa Tengah;Kota Magelang;29.384,62;33,70;13,30;18,80;21,50;0,80;1,80;0,50;3,70;5,90
2022;Jawa Tengah;Kota Surakarta;137.345,45;38,18;5,64;13,64;22,73;3,64;7,27;;;8,90
2022;Jawa Tengah;Kota Salatiga;41.668,28;;;24,60;5,54;12,30;6,16;;12,91;20,72
2022;Jawa Tengah;Kota Semarang;431.085,22;60,79;;10,18;17,20;1,22;4,94;1,00;1,79;2,88
2022;Jawa Tengah;Kota Tegal;79.365,97;;;;;;;;;
2022;D.I. Yogyakarta;Kab. Kulon Progo;64.730,71;67,18;;12,60;17,22;1,68;0,21;;1,11;
2022;D.I. Yogyakarta;Kab. Gunungkidul;137.871,89;;;;;;;;;
2022;D.I. Yogyakarta;Kota Yogyakarta;110.642,60;46,45;0,25;17,40;31,05;0,55;1,05;0,60;1,05;1,60
2022;Jawa Timur;Kab. Pacitan;104.999,96;34,00;4,50;8,30;35,00;5,00;8,00;3,00;2,00;0,20
2022;Jawa Timur;Kab. Ponorogo;139.552,64;44,76;0,36;16,53;21,89;0,48;6,62;1,43;0,60;7,33
2022;Jawa Timur;Kab. Trenggalek;111.498,74;67,48;3,55;10,77;11,62;1,00;1,05;1,14;1,60;1,79
2022;Jawa Timur;Kab. Tulungagung;202.148,86;46,00;15,60;7,50;12,50;5,00;4,80;2,00;2,00;4,60
2022;Jawa Timur;Kab. Kediri;240.082,40;46,40;22,47;4,28;11,31;0,20;2,02;0,63;4,75;7,94
2022;Jawa Timur;Kab. Malang;350.614,09;60,64;6,51;13,20;15,26;0,27;1,12;0,40;0,67;1,93
2022;Jawa Timur;Kab. Lumajang;191.446,12;40,25;17,35;10,65;17,80;1,15;3,25;1,45;1,50;6,60
2022;Jawa Timur;Kab. Jember;370.362,43;50,00;5,00;5,00;30,00;1,00;;5,00;1,00;3,00
2022;Jawa Timur;Kab. Banyuwangi;297.078,45;;;;;;;;;
2022;Jawa Timur;Kab. Situbondo;93.891,73;44,40;13,80;16,20;24,00;0,20;0,60;0,20;0,20;0,40
2022;Jawa Timur;Kab. Mojokerto;168.322,61;47,88;1,91;19,54;21,07;0,53;0,47;0,17;0,24;8,19
2022;Jawa Timur;Kab. Jombang;193.583,44;48,85;7,27;7,93;12,50;1,24;2,71;1,33;1,24;16,93
2022;Jawa Timur;Kab. Nganjuk;162.107,74;61,50;2,00;13,10;12,30;6,00;1,00;1,00;1,00;2,10
2022;Jawa Timur;Kab. Magetan;100.647,87;35,00;25,00;8,00;15,00;1,00;1,00;2,00;3,00;10,00
2022;Jawa Timur;Kab. Ngawi;130.696,23;38,30;3,80;10,40;30,60;2,40;2,30;3,70;3,50;5,00
2022;Jawa Timur;Kab. Bojonegoro;137.271,36;45,00;34,00;3,00;7,00;1,00;0,50;0,50;1,00;8,00
2022;Jawa Timur;Kab. Tuban;184.439,37;58,52;15,32;5,78;11,02;0,17;1,62;0,10;1,33;6,14
2022;Jawa Timur;Kab. Gresik;142.835,43;55,29;10,29;4,47;11,58;0,47;4,84;2,02;1,37;9,67
2022;Jawa Timur;Kab. Sampang;169.511,29;45,00;11,00;10,00;15,00;1,00;2,00;1,00;1,00;14,00
2022;Jawa Timur;Kab. Pamekasan;101.140,55;55,00;4,00;7,00;13,00;3,00;5,00;2,00;2,00;9,00
2022;Jawa Timur;Kab. Sumenep;132.197,86;;;;;;;;;
2022;Jawa Timur;Kota Kediri;65.183,70;56,40;8,20;12,80;12,00;4,50;2,40;1,40;0,90;1,40
2022;Jawa Timur;Kota Blitar;27.732,70;53,00;13,60;5,20;9,10;0,80;2,90;3,00;3,40;9,00
2022;Jawa Timur;Kota Malang;279.148,37;54,39;13,60;4,47;13,66;0,98;0,52;0,21;1,78;10,39
2022;Jawa Timur;Kota Probolinggo;35.465,15;61,55;4,06;9,12;19,29;0,74;0,93;1,43;0,86;2,02
2022;Jawa Timur;Kota Pasuruan;53.297,25;5,61;16,82;31,06;34,59;4,52;0,38;0,44;4,53;2,05
2022;Jawa Timur;Kota Mojokerto;24.420,33;73,10;0,02;9,51;13,45;0,32;0,90;0,11;0,49;2,10
2022;Jawa Timur;Kota Madiun;44.219,80;81,00;1,50;7,90;4,00;2,50;0,90;0,90;0,80;0,50
2022;Jawa Timur;Kota Surabaya;651.043,42;;;;;;;;;
2022;Jawa Timur;Kota Batu;49.359,46;4,00;2,00;6,00;4,00;1,00;;;1,00;
2022;Banten;Kab. Lebak;215.885,24;30,00;12,00;10,00;15,00;8,00;5,00;5,00;10,00;5,00
2022;Banten;Kab. Tangerang;841.497,68;38,15;19,50;14,89;18,60;1,55;3,16;0,83;2,28;1,04
2022;Banten;Kab. Serang;414.581,97;;;;;;;;;
2022;Banten;Kota Tangerang;504.258,12;57,65;0,44;13,18;19,66;1,07;2,32;0,80;0,37;4,51
2022;Banten;Kota Cilegon;83.169,08;40,00;17,00;10,00;16,00;4,00;;;1,00;
2022;Banten;Kota Serang;213.464,02;66,05;5,06;8,10;20,05;0,30;0,13;0,21;0,09;0,01
2022;Banten;Kota Tangerang Selatan;355.009,43;35,63;14,08;13,45;17,36;0,38;0,67;0,48;0,85;17,10
2022;Bali;Kab. Jembrana;59.472,92;27,37;47,94;0,84;19,04;0,71;0,03;3,13;0,61;0,33
2022;Bali;Kab. Badung;119.474,58;16,00;33,90;11,10;28,40;2,60;2,10;0,67;0,90;4,33
2022;Bali;Kab. Gianyar;196.698,50;;;;;;;;;
2022;Bali;Kab. Klungkung;37.643,55;29,00;41,00;4,00;14,00;1,00;;7,00;;4,00
2022;Bali;Kab. Bangli;40.836,05;13,00;69,00;1,80;5,50;3,40;0,01;1,03;3,20;3,06
2022;Bali;Kab. Karangasem;113.711,83;59,00;10,00;18,00;8,00;1,00;1,00;1,00;1,00;1,00
2022;Bali;Kab. Buleleng;143.283,67;4,00;68,41;6,69;14,69;0,23;1,79;0,52;0,77;2,90
2022;Bali;Kota Denpasar;316.312,65;6,57;69,85;6,34;8,21;1,52;0,47;0,55;1,12;5,37
2022;Nusa Tenggara Barat;Kab. Lombok Barat;105.336,08;20,00;11,40;19,30;0,78;9,70;0,30;7,60;0,10;9,00
2022;Nusa Tenggara Barat;Kab. Lombok Tengah;153.263,50;55,00;;9,00;13,00;10,00;;;;13,00
2022;Nusa Tenggara Barat;Kab. Lombok Timur;196.209,55;36,00;23,00;3,50;19,00;7,00;4,00;3,00;4,00;0,50
2022;Nusa Tenggara Barat;Kab. Sumbawa;94.820,43;38,21;8,18;12,19;20,34;2,36;0,51;0,68;4,28;13,25
2022;Nusa Tenggara Barat;Kab. Bima;101.102,08;40,00;5,00;5,00;20,00;;;;;30,00
2022;Nusa Tenggara Barat;Kab. Lombok Utara;37.446,08;60,00;5,00;5,00;15,00;5,00;2,00;2,00;2,00;4,00
2022;Nusa Tenggara Barat;Kota Mataram;96.436,87;;;;;;;;;
2022;Nusa Tenggara Barat;Kota Bima;30.189,37;34,00;22,00;7,00;20,00;6,00;5,00;2,00;4,00;
2022;Nusa Tenggara Timur;Kab. Manggarai Barat;30.972,44;20,00;25,00;15,00;28,00;3,00;2,00;;5,00;2,00
2022;Nusa Tenggara Timur;Kota Kupang;83.192,63;28,50;16,50;14,00;20,50;5,00;3,00;1,50;2,50;8,50
2022;Kalimantan Barat;Kab. Sambas;116.112,00;40,00;5,60;14,20;25,00;0,30;1,00;0,90;2,00;11,00
2022;Kalimantan Barat;Kab. Mempawah;30.669,65;1,00;8,10;1,60;13,40;15,10;;8,30;;52,50
2022;Kalimantan Barat;Kab. Sanggau;89.841,83;;;;;;;;;
2022;Kalimantan Barat;Kab. Kapuas Hulu;48.663,81;44,77;1,32;12,80;28,62;2,20;1,51;2,56;2,29;3,93
2022;Kalimantan Barat;Kota Pontianak;146.560,71;12,00;;;;;;;;
2022;Kalimantan Barat;Kota Singkawang;34.297,93;76,00;;8,40;7,80;3,60;;;;4,20
2022;Kalimantan Tengah;Kab. Kapuas;77.235,83;;;;;;;;;
2022;Kalimantan Tengah;Kab. Barito Selatan;24.439,67;80,00;12,00;4,00;1,00;1,00;1,00;;;1,00
2022;Kalimantan Tengah;Kab. Barito Utara;22.603,87;30,00;12,00;14,00;20,00;5,00;5,00;2,00;2,00;10,00
2022;Kalimantan Tengah;Kab. Seruyan;29.999,35;30,00;15,00;10,50;25,00;2,00;1,50;5,00;2,50;8,50
2022;Kalimantan Tengah;Kab. Gunung Mas;37.058,36;18,00;10,00;10,00;50,00;3,00;0,50;2,00;1,00;5,50
2022;Kalimantan Tengah;Kab. Pulang Pisau;24.945,74;23,51;26,74;13,31;25,13;3,19;2,41;0,83;1,79;3,09
2022;Kalimantan Tengah;Kab. Murung Raya;20.339,81;20,00;10,00;10,00;25,00;2,00;8,00;4,00;5,00;16,00
2022;Kalimantan Tengah;Kab. Barito Timur;16.798,32;32,00;9,00;7,00;37,00;1,00;5,00;6,50;1,20;1,30
2022;Kalimantan Tengah;Kota Palangkaraya;55.448,06;42,05;4,33;8,54;19,49;1,28;2,36;2,18;2,04;17,73
2022;Kalimantan Selatan;Kab. Tanah Laut;51.807,37;;;;;;;;;
2022;Kalimantan Selatan;Kab. Kotabaru;66.143,51;52,50;2,30;5,60;23,10;0,80;1,60;0,70;1,60;11,80
2022;Kalimantan Selatan;Kab. Banjar;149.097,33;;;;;;;;;
2022;Kalimantan Selatan;Kab. Barito Kuala;35.179,83;59,50;9,50;10,50;12,00;3,10;1,90;0,50;2,00;1,00
2022;Kalimantan Selatan;Kab. Tapin;29.966,79;;;;;;;;;
2022;Kalimantan Selatan;Kab. Hulu Sungai Selatan;35.330,10;55,18;1,48;13,13;25,35;2,90;0,46;0,90;0,40;0,20
2022;Kalimantan Selatan;Kab. Hulu Sungai Tengah;38.070,08;;;;;;;;;
2022;Kalimantan Selatan;Kab. Tabalong;37.507,84;36,00;2,00;17,00;24,00;1,00;3,00;1,00;3,00;13,00
2022;Kalimantan Selatan;Kab. Tanah Bumbu;60.743,48;64,04;4,23;3,20;12,30;2,10;2,20;1,24;2,23;8,46
2022;Kalimantan Selatan;Kab. Balangan;20.576,25;57,46;10,24;10,95;14,62;2,06;1,67;0,72;1,20;1,08
2022;Kalimantan Selatan;Kota Banjarbaru;67.079,71;;51,24;0,43;32,35;0,86;0,00;;0,52;14,60
2022;Kalimantan Timur;Kab. Paser;43.300,97;54,99;0,22;10,20;13,64;1,38;13,56;1,20;3,52;1,29
2022;Kalimantan Timur;Kab. Kutai Kartanegara;114.524,75;73,92;0,98;10,43;7,86;2,04;1,57;0,55;1,75;0,90
2022;Kalimantan Timur;Kab. Berau;49.801,88;55,39;1,28;3,74;26,47;9,63;0,20;0,20;0,99;2,10
2022;Kalimantan Timur;Kab. Kutai Barat;25.639,06;;;;;;;;;
2022;Kalimantan Timur;Kab. Kutai Timur;77.674,37;42,00;20,00;8,00;23,00;3,00;1,00;1,00;1,00;1,00
2022;Kalimantan Timur;Kab. Penajam Paser Utara;35.033,98;46,13;1,09;20,87;29,83;0,22;0,02;0,67;0,83;0,34
2022;Kalimantan Timur;Kab. Mahakam Ulu;5.584,64;50,00;5,00;8,00;30,00;3,00;1,00;1,00;1,00;1,00
2022;Kalimantan Timur;Kota Balikpapan;187.875,03;42,30;6,36;10,26;7,20;3,87;2,94;0,98;6,56;19,53
2022;Kalimantan Timur;Kota Samarinda;214.347,89;53,39;7,00;17,00;19,90;0,65;0,62;0,06;0,92;0,46
2022;Kalimantan Timur;Kota Bontang;38.046,40;44,12;6,00;27,50;18,00;2,10;0,03;0,25;1,05;0,95
2022;Kalimantan Utara;Kab. Nunukan;15.576,81;46,40;8,20;23,40;21,30;0,20;0,20;0,10;0,10;0,10
2022;Kalimantan Utara;Kab. Tana Tidung;5.177,89;;;;;;;;;
2022;Sulawesi Utara;Kab. Bolaang Mongondow;45.712,24;49,98;14,52;8,50;10,80;4,05;3,33;2,90;2,32;3,60
2022;Sulawesi Utara;Kab. Minahasa;63.632,82;;;;;;;;;
2022;Sulawesi Utara;Kab. Kepulauan Sangihe;20.393,86;45,10;6,89;5,20;32,00;0,40;3,30;0,50;2,00;4,61
2022;Sulawesi Utara;Kab. Minahasa Selatan;34.523,60;20,00;12,00;12,00;36,00;4,00;4,00;5,00;2,00;5,00
2022;Sulawesi Utara;Kab. Minahasa Utara;43.114,17;45,55;15,50;13,65;16,35;1,25;1,55;2,35;2,35;1,45
2022;Sulawesi Utara;Kab. Minahasa Tenggara;16.840,95;;;;;;;;;
2022;Sulawesi Utara;Kab. Bolaang Mongondow Utara;12.651,86;30,00;25,00;5,00;30,00;1,00;5,00;1,00;3,00;
2022;Sulawesi Utara;Kab. Kep. Siau Tagulandang Biaro;10.776,55;25,00;10,00;20,00;30,00;4,00;5,00;3,00;3,00;
2022;Sulawesi Utara;Kab. Bolaang Mongondow Timur;13.476,24;1,00;20,00;3,00;5,00;;2,00;1,00;3,00;65,00
2022;Sulawesi Utara;Kab. Bolaang Mongondow Selatan;10.553,46;7,00;35,00;5,00;7,00;3,00;9,00;4,00;3,00;27,00
2022;Sulawesi Utara;Kota Manado;106.241,06;47,70;1,14;18,66;19,48;0,26;1,54;1,49;1,85;7,88
2022;Sulawesi Utara;Kota Bitung;58.055,22;50,20;2,05;16,03;15,07;0,36;1,48;1,37;1,83;11,61
2022;Sulawesi Utara;Kota Tomohon;18.510,43;;;;;;;;;
2022;Sulawesi Utara;Kota Kotamobagu;31.463,80;53,50;5,00;11,80;8,50;5,70;3,60;2,60;2,80;6,50
2022;Sulawesi Tengah;Kab. Banggai;68.767,46;33,00;12,00;21,00;15,00;6,00;3,00;2,00;2,00;6,00
2022;Sulawesi Tengah;Kab. Donggala;44.232,89;35,00;10,00;20,00;13,00;6,00;3,00;3,00;3,00;7,00
2022;Sulawesi Tengah;Kab. Morowali;30.643,58;2,20;3,00;2,50;8,88;3,10;1,50;2,00;0,20;3,00
2022;Sulawesi Tengah;Kab. Parigi Moutong;82.582,53;;;;;;;;;
2022;Sulawesi Tengah;Kab. Sigi;47.008,35;;;;;;;;;
2022;Sulawesi Tengah;Kab. Banggai Laut;13.549,90;;;;;;;;;
2022;Sulawesi Tengah;Kab. Morowali Utara;22.308,80;;;;;;;;;
2022;Sulawesi Tengah;Kota Palu;74.073,65;70,96;0,77;9,44;10,43;1,90;1,06;0,60;0,59;4,25
2022;Sulawesi Selatan;Kab. Kepulauan Selayar;20.144,20;50,00;8,17;15,00;15,00;4,90;2,60;3,50;0,50;0,33
2022;Sulawesi Selatan;Kab. Bulukumba;65.304,63;;;;;;;;;
2022;Sulawesi Selatan;Kab. Bantaeng;29.562,37;30,13;27,50;11,00;14,00;1,24;3,00;2,00;1,13;10,00
2022;Sulawesi Selatan;Kab. Jeneponto;59.204,17;28,00;17,00;9,50;19,50;5,50;1,50;4,00;2,00;13,00
2022;Sulawesi Selatan;Kab. Sinjai;39.319,84;31,50;13,00;31,09;14,68;8,20;0,87;0,44;0,08;0,14
2022;Sulawesi Selatan;Kab. Bone;148.115,18;52,30;1,00;10,10;10,70;3,10;0,50;1,10;1,10;20,10
2022;Sulawesi Selatan;Kab. Maros;58.951,00;75,42;9,85;3,18;6,69;2,21;0,11;0,14;0,12;2,28
2022;Sulawesi Selatan;Kab. Pangkajene Kepulauan;51.530,55;63,13;10,83;8,99;7,29;6,50;0,72;0,19;1,55;0,80
2022;Sulawesi Selatan;Kab. Barru;27.817,23;60,00;10,00;6,00;15,00;2,00;1,00;1,00;1,00;4,00
2022;Sulawesi Selatan;Kab. Soppeng;34.393,80;42,00;17,00;11,00;21,00;3,16;0,50;4,24;0,15;0,95
2022;Sulawesi Selatan;Kab. Wajo;55.428,46;41,10;17,34;7,10;17,03;2,03;3,90;6,49;2,90;2,11
2022;Sulawesi Selatan;Kab. Sidenreng Rappang;47.186,32;56,00;9,60;6,20;6,60;4,50;3,60;4,20;4,40;4,90
2022;Sulawesi Selatan;Kab. Pinrang;65.861,77;10,00;10,00;40,00;10,00;10,00;5,00;5,00;5,00;5,00
2022;Sulawesi Selatan;Kab. Enrekang;41.740,67;;;;;;;;;
2022;Sulawesi Selatan;Kab. Luwu Timur;43.874,61;40,00;10,00;25,00;15,00;3,00;1,00;2,00;2,00;2,00
2022;Sulawesi Selatan;Kab. Toraja Utara;57.847,76;;;;;;;;;
2022;Sulawesi Selatan;Kota Parepare;28.388,97;52,20;11,40;11,80;12,20;2,70;1,90;2,25;2,85;2,70
2022;Sulawesi Selatan;Kota Palopo;34.187,91;30,00;20,00;20,00;20,00;8,00;;;;2,00
2022;Sulawesi Tenggara;Kab. Kolaka;44.021,60;65,00;5,00;10,00;10,00;5,00;1,00;1,00;2,00;1,00
2022;Sulawesi Tenggara;Kab. Wakatobi;29.455,57;40,00;7,00;8,00;30,00;5,00;3,00;2,00;2,00;3,00
2022;Sulawesi Tenggara;Kab. Kolaka Utara;20.340,57;3,00;1,00;2,00;2,00;1,00;1,00;1,00;1,00;
2022;Sulawesi Tenggara;Kab. Buton Selatan;8.026,71;65,83;3,36;4,52;12,48;1,44;3,79;1,95;1,89;4,74
2022;Sulawesi Tenggara;Kota Kendari;98.476,88;43,65;17,44;16,78;17,25;1,54;0,72;1,06;1,16;0,40
2022;Sulawesi Tenggara;Kota Bau Bau;29.923,25;4,27;6,10;;0,61;;;;;87,82
2022;Gorontalo;Kab. Gorontalo;57.762,71;65,00;13,00;14,00;1,00;1,00;1,00;1,00;1,00;3,00
2022;Gorontalo;Kab. Bone Bolango;18.198,90;31,35;28,54;16,41;19,90;2,50;;;1,30;
2022;Gorontalo;Kab. Pohuwato;21.562,59;13,20;10,30;32,30;35,80;;;;2,10;6,30
2022;Gorontalo;Kota Gorontalo;51.646,51;17,00;20,00;10,00;36,00;2,00;3,00;5,00;7,00;
2022;Sulawesi Barat;Kab. Mamuju;51.438,36;;;;;;;;;
2022;Sulawesi Barat;Kab. Majene;25.898,94;;;;;;;;;
2022;Sulawesi Barat;Kab. Mamuju Tengah;20.057,48;;;;;;;;;
2022;Maluku;Kab. Maluku Tengah;62.010,58;;;2,70;22,50;;;;;0,06
2022;Maluku;Kab. Buru Selatan;11.355,30;39,00;18,00;14,00;22,00;1,00;1,00;1,00;1,00;3,00
2022;Maluku Utara;Kab. Halmahera Utara;50.497,02;49,86;15,90;12,79;13,34;0,84;4,19;0,89;2,08;0,11
2022;Maluku Utara;Kota Tidore Kepulauan;16.904,46;;;;;;;;;
2022;Papua;Kab. Jayapura;31.360,25;43,00;5,00;22,00;24,50;3,50;;;;
2022;Papua;Kab. Kepulauan Yapen;16.779,78;;;;;;;;;
2022;Papua;Kab. Biak Numfor;21.434,55;12,74;39,29;22,38;11,64;10,48;0,01;0,13;3,33;
2022;Papua;Kab. Sarmi;6.109,95;;;;;;;;;
2022;Papua;Kab. Waropen;5.285,20;10,00;15,00;20,00;20,00;10,00;5,00;10,00;5,00;5,00
2022;Papua;Kota Jayapura;79.528,32;;;;;;;;;
2022;Papua Barat;Kab. Manokwari;59.627,83;44,00;;11,00;26,00;;;;;19,00
2022;Papua Barat;Kab. Teluk Wondama;6.697,17;;;;;;;;;
2022;Papua Barat;Kab. Kaimana;9.290,42;10,00;15,00;20,00;25,00;10,00;5,00;10,00;5,00;
2022;Papua Selatan;Kab. Merauke;33.924,12;45,20;17,70;11,50;19,60;0,70;1,80;0,50;0,90;2,10
2022;Papua Selatan;Kab. Boven Digoel;9.518,18;15,00;13,00;20,00;15,00;1,00;5,00;2,00;10,00;19,00
2022;Papua Selatan;Kab. Asmat;16.624,29;20,00;11,80;15,00;40,00;4,00;2,40;3,00;1,80;2,00
2022;Papua Tengah;Kab. Mimika;57.742,09;;;;;;;;;
2022;Papua Barat Daya;Kab. Sorong;18.162,69;;;;;;;;;
2021;Aceh;Kab. Aceh Selatan;34.527,10;29,23;12,38;12,09;16,24;6,51;6,42;3,43;6,12;7,58
2021;Aceh;Kab. Gayo Lues;14.757,24;40,00;14,00;12,00;17,00;3,00;3,00;2,00;2,00;7,00
2021;Aceh;Kota Banda Aceh;90.765,86;30,40;17,30;11,10;16,60;1,00;3,50;3,00;3,00;14,10
2021;Aceh;Kota Sabang;6.141,64;26,50;16,60;10,50;22,60;6,10;4,30;4,30;3,70;5,40
2021;Aceh;Kota Langsa;33.883,32;18,00;21,00;9,00;10,00;14,00;10,00;7,00;7,00;4,00
2021;Aceh;Kota Subulussalam;16.529,21;30,00;10,00;15,00;15,00;2,00;8,00;3,00;2,00;15,00
2021;Sumatera Utara;Kab. Tapanuli Tengah;66.644,80;54,60;0,01;11,39;13,15;0,37;3,28;0,84;1,59;14,77
2021;Sumatera Utara;Kab. Tapanuli Utara;46.799,13;;;;;;6,00;;10,50;
2021;Sumatera Utara;Kab. Langkat;189.685,76;37,00;31,00;24,40;7,00;0,20;0,20;0,20;;
2021;Sumatera Utara;Kab. Karo;82.781,59;10,90;8,25;9,00;11,37;6,25;11,00;1,70;8,50;33,03
2021;Sumatera Utara;Kab. Deli Serdang;408.129,86;20,50;24,00;13,80;20,20;6,00;5,00;3,00;2,00;5,50
2021;Sumatera Utara;Kab. Simalungun;189.456,90;0,53;22,63;28,29;19,58;11,40;0,04;0,05;8,16;9,32
2021;Sumatera Utara;Kab. Asahan;170.300,09;;;;;;;;;
2021;Sumatera Utara;Kab. Toba;31.170,85;;;;;;;;;
2021;Sumatera Utara;Kota Medan;645.012,56;40,00;5,00;15,00;15,00;7,00;3,00;3,00;2,00;10,00
2021;Sumatera Utara;Kota Pematang Siantar;85.052,00;45,00;6,00;12,00;10,00;5,00;3,00;4,00;4,00;11,00
2021;Sumatera Utara;Kota Tebing Tinggi;45.077,61;62,70;1,73;11,43;16,65;0,73;2,60;0,71;1,83;1,62
2021;Sumatera Barat;Kab. Pesisir Selatan;55.233,77;20,40;19,60;23,00;19,00;16,00;0,42;1,58;;
2021;Sumatera Barat;Kab. Tanah Datar;46.806,83;69,34;;8,63;6,00;2,24;1,57;;3,33;8,89
2021;Sumatera Barat;Kab. Agam;78.412,95;;;;;;;;;
2021;Sumatera Barat;Kab. Lima Puluh Kota;56.295,41;;;;;;;;;
2021;Sumatera Barat;Kab. Pasaman;44.253,04;;;;;;;;;
2021;Sumatera Barat;Kab. Dharmasraya;37.411,62;;;40,00;29,00;27,00;;;;
2021;Sumatera Barat;Kab. Solok Selatan;26.988,10;34,25;0,78;16,35;25,69;0,13;0,59;0,55;2,41;19,25
2021;Sumatera Barat;Kota Padang;233.385,96;62,80;6,84;5,70;12,40;0,19;3,30;1,50;2,40;4,87
2021;Sumatera Barat;Kota Solok;19.663,02;45,66;11,37;10,01;22,02;0,62;0,52;0,19;1,20;8,41
2021;Sumatera Barat;Kota Sawahlunto;6.843,52;;;;;;;;;
2021;Sumatera Barat;Kota Padang Panjang;17.519,42;43,15;23,56;14,35;12,67;1,50;0,95;0,80;1,19;1,83
2021;Sumatera Barat;Kota Payakumbuh;36.063,06;51,62;7,43;11,42;21,54;0,65;1,56;0,57;0,87;4,34
2021;Riau;Kab. Indragiri Hilir;168.125,39;65,00;2,00;2,00;30,00;;1,00;;;
2021;Riau;Kab. Siak;69.739,82;39,00;15,00;10,00;26,00;1,00;2,00;2,00;3,00;2,00
2021;Riau;Kota Pekanbaru;353.133,89;59,00;3,00;12,00;10,00;2,00;1,00;1,00;1,00;11,00
2021;Riau;Kota Dumai;59.029,99;45,75;7,25;5,67;8,45;2,75;3,75;4,15;3,65;18,58
2021;Jambi;Kab. Merangin;72.545,03;40,00;5,00;11,00;5,00;30,00;1,00;5,00;1,00;2,00
2021;Jambi;Kab. Bungo;56.722,46;60,50;4,10;14,10;5,90;1,80;1,50;5,15;1,00;5,95
2021;Jambi;Kota Jambi;158.106,98;16,11;23,84;7,38;44,07;0,89;0,57;1,23;0,30;5,61
2021;Sumatera Selatan;Kab. Muara Enim;148.459,04;61,02;8,07;7,38;17,18;1,14;1,33;0,36;0,31;3,21
2021;Sumatera Selatan;Kab. Lahat;112.361,75;50,00;15,00;5,00;15,00;5,00;;;5,00;5,00
2021;Sumatera Selatan;Kab. Musi Banyuasin;90.842,08;50,00;10,00;10,00;10,00;10,00;1,00;5,00;3,00;1,00
2021;Sumatera Selatan;Kab. Ogan Komering Ulu Timur;102.228,32;12,00;9,00;22,00;27,00;3,00;5,00;3,00;2,00;17,00
2021;Sumatera Selatan;Kota Palembang;430.791,65;56,90;5,40;15,10;17,50;0,50;2,70;0,30;0,80;0,80
2021;Sumatera Selatan;Kota Prabumulih;35.426,54;52,50;9,80;5,60;24,60;2,00;1,80;0,80;1,70;1,20
2021;Bengkulu;Kab. Seluma;38.966,12;45,00;35,00;7,00;8,00;4,00;0,50;;0,50;
2021;Lampung;Kab. Lampung Tengah;172.707,86;5,00;40,00;4,00;48,00;;2,00;;1,00;
2021;Lampung;Kab. Tanggamus;89.783,28;36,32;22,03;8,92;16,80;4,07;3,08;2,58;4,86;1,34
2021;Lampung;Kab. Way Kanan;70.036,49;0,60;0,19;0,04;0,08;0,04;0,02;0,02;0,01;0,00
2021;Lampung;Kab. Pringsewu;59.396,16;33,00;15,00;5,00;6,00;15,00;;;3,00;23,00
2021;Lampung;Kota Bandar Lampung;281.129,15;40,40;12,90;11,70;17,40;3,10;2,50;1,80;2,30;7,90
2021;Lampung;Kota Metro;37.912,84;56,47;6,24;9,40;24,07;0,56;1,25;0,27;0,88;0,86
2021;Kepulauan Bangka Belitung;Kab. Bangka;47.634,69;39,85;13,96;12,07;16,97;3,37;2,69;1,98;2,31;6,80
2021;Kepulauan Bangka Belitung;Kab. Belitung;26.533,31;0,75;40,00;2,00;30,00;2,50;3,00;3,00;5,00;13,75
2021;Kepulauan Bangka Belitung;Kab. Bangka Selatan;29.247,45;17,77;29,46;10,04;12,01;14,97;3,84;3,98;4,99;2,94
2021;Kepulauan Bangka Belitung;Kab. Bangka Tengah;29.627,05;41,90;8,50;3,80;14,40;3,80;4,90;0,00;5,60;17,10
2021;Kepulauan Bangka Belitung;Kota Pangkal Pinang;58.399,38;51,90;13,60;7,20;13,50;2,20;3,10;2,00;1,60;4,90
2021;Kepulauan Riau;Kab. Bintan;20.326,42;37,66;5,40;23,89;14,00;0,70;5,25;4,60;3,00;5,50
2021;Kepulauan Riau;Kab. Karimun;66.289,99;23,00;19,00;24,00;24,50;4,00;2,50;1,50;1,20;0,30
2021;Kepulauan Riau;Kota Tanjung Pinang;55.366,32;;;;;;;;;
2021;DKI Jakarta;Kab. Adm. Kep. Seribu;6.429,48;;;;;;;;;
2021;DKI Jakarta;Kota Adm. Jakarta Pusat;309.298,18;;;;;;;;;
2021;DKI Jakarta;Kota Adm. Jakarta Utara;494.454,86;;;;;;;;;
2021;DKI Jakarta;Kota Adm. Jakarta Barat;729.092,61;;;;;;;;;
2021;DKI Jakarta;Kota Adm. Jakarta Selatan;707.201,35;;;;;;;;;
2021;DKI Jakarta;Kota Adm. Jakarta Timur;836.961,37;;;;;;;;;
2021;Jawa Barat;Kab. Bandung;462.939,17;;;;;;;;;
2021;Jawa Barat;Kab. Garut;408.821,79;59,30;;6,30;20,50;1,00;2,60;;3,40;6,90
2021;Jawa Barat;Kab. Ciamis;208.818,25;34,40;0,40;15,00;15,00;10,70;6,40;1,70;16,10;0,30
2021;Jawa Barat;Kab. Cirebon;451.549,60;;;;;;;;;
2021;Jawa Barat;Kab. Sumedang;161.462,89;20,00;5,00;15,00;40,00;3,00;3,00;2,00;2,00;10,00
2021;Jawa Barat;Kab. Indramayu;402.455,25;27,00;6,40;25,00;35,80;1,00;1,80;0,80;0,70;1,50
2021;Jawa Barat;Kota Bogor;245.922,33;40,00;14,00;20,00;15,00;1,00;2,50;0,50;1,00;6,00
2021;Jawa Barat;Kota Sukabumi;65.795,65;59,35;;9,08;12,61;0,42;0,90;;0,60;17,04
2021;Jawa Barat;Kota Bandung;581.280,03;44,52;3,98;13,12;16,70;0,90;4,75;2,38;1,97;11,68
2021;Jawa Barat;Kota Cirebon;74.631,55;49,22;11,76;5,56;19,01;0,71;1,76;0,58;1,43;9,97
2021;Jawa Barat;Kota Bekasi;867.236,75;65,20;7,20;4,20;15,60;0,20;6,30;0,50;0,50;0,30
2021;Jawa Barat;Kota Depok;479.660,75;62,95;0,57;6,10;21,36;0,14;0,57;0,50;0,57;7,24
2021;Jawa Barat;Kota Cimahi;100.289,42;;50,60;8,60;15,60;3,10;5,30;;3,00;13,80
2021;Jawa Tengah;Kab. Cilacap;344.409,04;57,67;10,63;9,71;16,42;1,33;1,25;0,51;0,65;1,83
2021;Jawa Tengah;Kab. Banyumas;195.357,75;36,00;6,00;6,00;30,00;9,00;5,00;3,00;5,00;
2021;Jawa Tengah;Kab. Purbalingga;184.585,06;60,51;2,20;8,91;18,35;0,71;2,34;5,18;0,88;0,92
2021;Jawa Tengah;Kab. Purworejo;105.420,18;3,00;67,00;6,00;9,00;4,00;0,50;0,30;1,00;8,20
2021;Jawa Tengah;Kab. Wonosobo;132.496,46;;;;;;;;;
2021;Jawa Tengah;Kab. Magelang;248.800,43;37,80;3,90;26,20;17,90;1,30;1,10;0,80;2,40;8,60
2021;Jawa Tengah;Kab. Boyolali;106.159,34;;;;;;;;;
2021;Jawa Tengah;Kab. Klaten;215.458,83;67,42;3,82;10,46;15,05;0,10;0,42;0,08;0,65;2,00
2021;Jawa Tengah;Kab. Sukoharjo;131.200,56;62,40;1,88;8,01;15,93;1,68;1,98;1,82;1,27;5,03
2021;Jawa Tengah;Kab. Wonogiri;160.369,61;25,00;10,00;20,00;25,00;5,00;5,00;2,50;5,00;2,50
2021;Jawa Tengah;Kab. Karanganyar;132.071,89;63,00;2,00;5,00;20,00;1,00;2,00;2,00;3,00;2,00
2021;Jawa Tengah;Kab. Sragen;213.952,27;74,70;0,80;8,40;11,30;0,50;1,90;0,30;1,80;0,30
2021;Jawa Tengah;Kab. Blora;82.801,58;20,00;5,00;18,00;40,00;10,00;2,00;2,00;2,50;0,50
2021;Jawa Tengah;Kab. Rembang;89.666,36;38,12;1,59;13,38;34,45;0,93;1,88;0,77;1,33;7,55
2021;Jawa Tengah;Kab. Pati;241.664,31;;;;;;;;;
2021;Jawa Tengah;Kab. Jepara;146.028,40;32,24;22,75;10,86;21,70;0,78;2,12;0,53;1,68;7,34
2021;Jawa Tengah;Kab. Demak;263.666,36;32,30;20,76;9,06;23,07;0,60;1,77;0,44;1,23;10,77
2021;Jawa Tengah;Kab. Semarang;192.189,00;3,00;9,00;23,00;30,00;4,00;4,00;2,00;5,00;20,00
2021;Jawa Tengah;Kab. Temanggung;182.562,96;37,97;22,81;11,09;14,91;2,31;2,39;1,18;2,46;4,88
2021;Jawa Tengah;Kab. Batang;118.317,38;28,00;13,00;13,00;16,00;7,00;6,00;3,00;6,00;8,00
2021;Jawa Tengah;Kab. Pekalongan;141.447,87;2,00;6,00;7,00;9,00;1,00;3,00;1,00;;71,00
2021;Jawa Tengah;Kab. Pemalang;214.837,39;;;;;;;;;
2021;Jawa Tengah;Kab. Tegal;244.819,49;20,00;16,00;18,00;33,00;3,00;2,00;2,00;1,00;5,00
2021;Jawa Tengah;Kab. Brebes;358.865,26;2,00;80,00;2,00;11,00;1,00;1,00;1,00;1,00;1,00
2021;Jawa Tengah;Kota Magelang;29.447,93;33,70;13,30;18,80;21,50;0,80;1,80;0,50;3,70;5,90
2021;Jawa Tengah;Kota Salatiga;40.969,24;;;;;;;;;
2021;Jawa Tengah;Kota Semarang;430.749,75;60,79;;10,18;17,20;1,22;4,94;1,00;1,79;2,88
2021;Jawa Tengah;Kota Tegal;73.573,52;54,00;11,00;8,50;14,00;1,00;7,00;2,00;2,00;0,50
2021;D.I. Yogyakarta;Kab. Kulon Progo;64.654,35;67,18;;12,60;17,22;1,68;0,21;;1,11;
2021;D.I. Yogyakarta;Kab. Sleman;268.481,59;;;;;;;;;
2021;D.I. Yogyakarta;Kota Yogyakarta;119.501,69;50,21;10,91;6,18;10,79;2,12;0,68;0,13;10,66;8,32
2021;Jawa Timur;Kab. Pacitan;104.654,83;68,40;2,90;8,30;17,00;0,50;0,20;0,20;0,50;2,00
2021;Jawa Timur;Kab. Ponorogo;141.540,58;44,76;0,36;16,53;21,89;0,48;6,61;1,43;0,60;7,34
2021;Jawa Timur;Kab. Trenggalek;107.293,65;;;;;;;;;
2021;Jawa Timur;Kab. Tulungagung;200.127,68;48,00;16,00;7,00;6,50;9,00;6,70;2,50;2,00;2,30
2021;Jawa Timur;Kab. Blitar;149.623,83;70,85;1,00;12,45;7,50;0,90;1,94;0,52;0,92;3,92
2021;Jawa Timur;Kab. Kediri;194.845,76;46,40;22,47;4,28;11,31;0,20;2,02;0,63;4,75;7,94
2021;Jawa Timur;Kab. Lumajang;183.048,96;40,25;17,35;10,65;17,80;1,15;3,25;1,45;1,50;6,60
2021;Jawa Timur;Kab. Banyuwangi;457.297,22;3,12;0,84;18,98;21,78;0,94;1,52;0,57;2,55;49,70
2021;Jawa Timur;Kab. Situbondo;93.865,59;;;;;;;;;
2021;Jawa Timur;Kab. Jombang;193.583,44;48,85;7,27;7,93;12,50;1,24;2,71;1,33;1,24;16,93
2021;Jawa Timur;Kab. Nganjuk;162.013,72;61,50;2,00;13,10;12,30;6,00;1,00;1,00;1,00;2,10
2021;Jawa Timur;Kab. Magetan;97.938,55;25,00;25,00;8,00;20,00;1,50;2,00;1,80;1,30;15,40
2021;Jawa Timur;Kab. Ngawi;130.204,03;38,30;3,80;10,40;30,60;2,40;2,30;3,70;3,50;5,00
2021;Jawa Timur;Kab. Bojonegoro;195.823,81;;;;;;;;;
2021;Jawa Timur;Kab. Tuban;183.655,24;58,52;15,32;5,78;11,02;0,17;1,62;0,10;1,33;6,14
2021;Jawa Timur;Kab. Lamongan;81.008,10;30,00;12,00;9,00;18,00;8,00;2,00;2,00;1,00;18,00
2021;Jawa Timur;Kab. Pamekasan;100.957,25;55,00;4,00;7,00;13,00;3,00;5,00;2,00;2,00;9,00
2021;Jawa Timur;Kab. Sumenep;134.116,61;58,62;1,08;20,83;17,33;;0,91;0,26;0,57;0,40
2021;Jawa Timur;Kota Kediri;61.812,13;54,20;7,70;12,40;14,50;4,70;2,20;1,40;0,80;2,10
2021;Jawa Timur;Kota Blitar;27.442,53;53,00;13,60;5,20;9,10;0,80;2,90;3,00;3,40;9,00
2021;Jawa Timur;Kota Malang;247.388,97;;;;;;;;;
2021;Jawa Timur;Kota Probolinggo;35.247,76;60,98;3,68;10,56;19,87;0,82;0,78;0,93;0,96;1,42
2021;Jawa Timur;Kota Pasuruan;49.349,42;10,11;6,40;1,35;6,06;0,07;0,67;0,07;0,13;75,14
2021;Jawa Timur;Kota Madiun;43.695,25;81,00;1,50;7,90;4,00;2,50;0,90;0,90;0,80;0,50
2021;Jawa Timur;Kota Surabaya;650.614,62;;;;;;;;;
2021;Jawa Timur;Kota Batu;41.762,47;4,00;2,00;6,00;4,00;1,00;;;1,00;
2021;Banten;Kab. Serang;424.801,97;63,01;;9,13;20,02;1,00;2,00;;0,28;4,56
2021;Banten;Kota Cilegon;79.368,52;;;;;;;;;
2021;Banten;Kota Tangerang Selatan;291.659,27;;;;;;;;;
2021;Bali;Kab. Jembrana;59.395,72;11,22;30,88;11,10;22,10;2,10;7,00;7,00;2,70;5,90
2021;Bali;Kab. Tabanan;84.247,48;5,00;39,00;37,00;42,00;;;;;
2021;Bali;Kab. Badung;116.731,24;16,00;33,90;11,10;28,40;2,60;2,10;0,67;0,90;4,33
2021;Bali;Kab. Gianyar;141.337,13;;58,73;10,89;17,08;3,15;0,76;0,74;;8,65
2021;Bali;Kab. Bangli;40.479,96;12,00;70,00;2,00;3,80;1,50;0,40;0,50;0,80;9,00
2021;Bali;Kab. Buleleng;123.771,50;2,99;62,57;5,63;10,18;2,82;5,33;4,55;3,33;2,60
2021;Bali;Kota Denpasar;349.519,44;29,30;33,90;6,90;13,70;0,80;0,70;0,30;2,10;12,30
2021;Nusa Tenggara Barat;Kab. Lombok Timur;176.454,72;36,00;23,00;3,50;19,00;7,00;4,00;3,00;4,00;0,50
2021;Nusa Tenggara Barat;Kab. Sumbawa;94.704,18;38,21;8,18;12,19;20,34;2,36;0,51;0,68;4,28;13,25
2021;Nusa Tenggara Barat;Kota Mataram;96.354,09;64,00;6,00;7,00;9,00;6,00;2,00;2,00;2,00;2,00
2021;Nusa Tenggara Timur;Kab. Alor;42.533,30;;;;;;;;;
2021;Nusa Tenggara Timur;Kab. Manggarai Barat;29.995,84;34,79;17,00;23,31;11,10;2,65;3,27;1,35;2,97;3,56
2021;Nusa Tenggara Timur;Kota Kupang;80.803,34;28,50;16,50;14,00;20,50;5,00;3,00;1,50;2,50;8,50
2021;Kalimantan Barat;Kab. Sambas;101.244,25;40,00;5,60;14,20;25,00;0,30;1,00;0,90;2,00;11,00
2021;Kalimantan Barat;Kab. Mempawah;30.015,96;;;;;;;;;
2021;Kalimantan Barat;Kab. Sanggau;88.479,29;56,21;13,61;4,73;7,10;;;;2,96;15,39
2021;Kalimantan Barat;Kab. Melawi;30.524,07;;;;;;;;;
2021;Kalimantan Barat;Kota Pontianak;144.651,25;;;;;;;;;
2021;Kalimantan Barat;Kota Singkawang;42.899,18;;;;;;;;;
2021;Kalimantan Tengah;Kab. Kapuas;74.898,00;30,00;22,00;18,00;20,00;6,00;;;;4,00
2021;Kalimantan Tengah;Kab. Barito Utara;23.129,61;30,00;12,00;14,00;20,00;5,00;5,00;2,00;2,00;10,00
2021;Kalimantan Tengah;Kab. Seruyan;29.731,08;30,00;15,00;10,50;25,00;2,00;1,50;5,00;2,50;8,50
2021;Kalimantan Tengah;Kab. Gunung Mas;37.065,75;20,00;10,00;15,00;50,00;1,00;0,50;2,00;1,00;0,50
2021;Kalimantan Tengah;Kab. Pulang Pisau;24.698,82;23,51;26,74;13,31;25,13;3,19;2,41;0,83;1,79;3,09
2021;Kalimantan Tengah;Kab. Barito Timur;16.977,76;32,00;9,00;7,00;37,00;1,00;5,00;6,50;1,20;1,30
2021;Kalimantan Tengah;Kota Palangkaraya;53.990,25;42,04;4,33;8,54;19,49;1,28;2,36;2,18;2,04;17,73
2021;Kalimantan Selatan;Kab. Tanah Laut;51.733,64;40,00;20,00;10,00;14,00;3,00;4,00;5,00;2,00;2,00
2021;Kalimantan Selatan;Kab. Kotabaru;47.540,81;34,00;13,00;27,00;11,00;1,00;1,00;0,20;1,00;11,80
2021;Kalimantan Selatan;Kab. Banjar;148.795,80;;;;;;;;;
2021;Kalimantan Selatan;Kab. Barito Kuala;34.660,04;59,50;9,50;10,50;12,00;3,10;1,90;0,50;2,00;1,00
2021;Kalimantan Selatan;Kab. Tapin;29.379,14;50,24;3,58;10,50;33,40;0,48;0,88;0,15;0,12;0,64
2021;Kalimantan Selatan;Kab. Hulu Sungai Selatan;35.042,92;55,18;1,48;13,13;25,35;2,90;0,46;0,90;0,40;0,20
2021;Kalimantan Selatan;Kab. Hulu Sungai Tengah;37.773,27;40,04;1,40;4,05;24,91;3,63;1,05;1,24;1,47;22,21
2021;Kalimantan Selatan;Kab. Hulu Sungai Utara;35.280,75;50,63;9,21;9,83;13,78;0,85;0,65;1,09;7,80;6,16
2021;Kalimantan Selatan;Kab. Tabalong;36.982,53;36,00;2,00;17,00;24,00;1,00;3,00;;3,00;14,00
2021;Kalimantan Selatan;Kab. Tanah Bumbu;59.986,29;;;;;;;;;
2021;Kalimantan Selatan;Kab. Balangan;20.440,98;57,46;10,24;10,95;14,62;2,06;1,67;0,72;1,20;1,08
2021;Kalimantan Selatan;Kota Banjarmasin;184.856,04;55,89;0,64;9,39;12,77;1,36;14,93;1,63;2,71;0,68
2021;Kalimantan Selatan;Kota Banjarbaru;60.120,18;48,30;4,20;16,00;23,70;0,50;0,30;0,40;0,10;6,50
2021;Kalimantan Timur;Kab. Paser;42.080,85;54,99;0,22;10,20;13,64;1,38;13,56;1,20;3,52;1,29
2021;Kalimantan Timur;Kab. Kutai Kartanegara;81.243,53;73,92;0,98;10,43;7,86;2,04;1,57;0,55;1,75;0,90
2021;Kalimantan Timur;Kab. Kutai Timur;77.461,58;43,00;20,00;7,00;22,00;2,00;1,00;2,00;2,00;1,00
2021;Kalimantan Timur;Kab. Penajam Paser Utara;33.766,52;46,13;1,09;20,87;29,83;0,22;0,02;0,67;0,83;0,34
2021;Kalimantan Timur;Kota Balikpapan;181.479,86;42,30;6,36;10,26;7,20;3,87;2,94;0,98;6,56;19,53
2021;Kalimantan Timur;Kota Samarinda;212.376,71;53,39;7,00;17,00;19,90;0,65;0,62;0,06;0,92;0,46
2021;Kalimantan Timur;Kota Bontang;37.894,33;44,12;6,00;27,50;18,00;2,10;0,03;0,25;1,05;0,95
2021;Kalimantan Utara;Kab. Nunukan;15.260,25;46,40;8,20;23,40;21,30;0,20;0,20;0,10;0,10;0,10
2021;Kalimantan Utara;Kab. Tana Tidung;4.832,89;;;;;;;;;
2021;Sulawesi Utara;Kab. Kepulauan Sangihe;20.332,25;51,10;4,89;5,20;26,00;0,40;3,30;0,50;2,00;6,61
2021;Sulawesi Utara;Kab. Minahasa Selatan;34.523,60;20,00;12,00;12,00;36,00;4,00;4,00;5,00;2,00;5,00
2021;Sulawesi Utara;Kab. Minahasa Tenggara;16.559,47;36,08;9,68;12,16;11,04;4,28;4,26;3,24;5,14;14,12
2021;Sulawesi Utara;Kab. Bolaang Mongondow Utara;15.167,94;2,00;15,00;1,00;8,00;0,50;1,00;0,30;0,50;71,70
2021;Sulawesi Utara;Kab. Bolaang Mongondow Selatan;12.736,86;20,00;10,00;10,00;25,00;5,00;12,00;10,00;5,00;3,00
2021;Sulawesi Utara;Kota Manado;124.059,81;47,70;1,14;18,66;19,48;0,26;1,54;1,49;1,85;7,88
2021;Sulawesi Utara;Kota Bitung;57.874,58;48,20;2,05;18,03;19,07;0,36;1,48;1,37;1,83;7,61
2021;Sulawesi Utara;Kota Tomohon;26.136,88;;;;;;;;;
2021;Sulawesi Utara;Kota Kotamobagu;31.620,68;53,50;5,00;11,80;8,50;5,70;3,60;2,60;2,80;6,50
2021;Sulawesi Tengah;Kab. Donggala;44.400,06;35,00;10,00;20,00;13,00;6,00;3,00;3,00;3,00;7,00
2021;Sulawesi Tengah;Kab. Parigi Moutong;82.341,99;;;;;;;;;
2021;Sulawesi Tengah;Kab. Sigi;47.008,35;;;;;;;;;0,00
2021;Sulawesi Tengah;Kab. Banggai Laut;12.933,78;;;;;;;;;
2021;Sulawesi Tengah;Kota Palu;68.228,90;;;;;;;;;
2021;Sulawesi Selatan;Kab. Kepulauan Selayar;20.488,47;;;;;;;;;
2021;Sulawesi Selatan;Kab. Bulukumba;63.488,39;15,00;10,00;25,00;20,00;5,00;5,00;5,00;5,00;10,00
2021;Sulawesi Selatan;Kab. Bantaeng;29.446,45;30,13;27,50;11,00;14,00;1,24;3,00;2,00;1,13;10,00
2021;Sulawesi Selatan;Kab. Jeneponto;58.635,06;27,00;18,00;10,00;18,00;6,00;1,50;5,00;1,50;13,00
2021;Sulawesi Selatan;Kab. Sinjai;39.534,76;31,50;13,00;31,09;14,68;8,20;0,87;0,44;0,08;0,14
2021;Sulawesi Selatan;Kab. Bone;147.231,88;73,20;0,50;10,10;8,70;3,10;0,30;1,10;1,10;1,90
2021;Sulawesi Selatan;Kab. Maros;57.950,90;73,98;7,90;3,18;7,86;2,21;0,57;0,55;0,25;3,50
2021;Sulawesi Selatan;Kab. Pangkajene Kepulauan;50.483,15;63,13;10,83;8,99;7,29;6,50;0,72;0,19;1,55;0,80
2021;Sulawesi Selatan;Kab. Barru;27.722,04;57,00;12,50;6,00;15,00;2,50;1,00;1,00;1,00;4,00
2021;Sulawesi Selatan;Kab. Soppeng;34.707,12;;;;;;;;;
2021;Sulawesi Selatan;Kab. Wajo;55.348,60;41,03;17,34;7,20;17,02;2,10;3,90;6,40;2,90;2,11
2021;Sulawesi Selatan;Kab. Sidenreng Rappang;46.718,54;56,00;9,60;6,20;6,60;4,50;3,60;4,20;4,40;4,90
2021;Sulawesi Selatan;Kab. Pinrang;64.570,25;;;;;;;;;
2021;Sulawesi Selatan;Kab. Enrekang;41.596,68;;;;;;;;;
2021;Sulawesi Selatan;Kab. Luwu Timur;43.874,61;40,00;10,00;25,00;15,00;3,00;1,00;2,00;2,00;2,00
2021;Sulawesi Selatan;Kota Makassar;373.653,93;;;;;;;;;
2021;Sulawesi Selatan;Kota Parepare;27.832,35;51,80;11,35;12,45;11,20;3,75;1,95;2,10;2,75;2,65
2021;Sulawesi Selatan;Kota Palopo;33.704,28;30,00;25,00;20,00;15,00;8,00;;;;2,00
2021;Sulawesi Tenggara;Kab. Wakatobi;28.902,67;;;;;;;;;
2021;Sulawesi Tenggara;Kota Kendari;96.542,67;43,65;17,44;16,78;17,25;1,54;0,72;1,06;1,16;0,40
2021;Gorontalo;Kota Gorontalo;51.541,50;21,00;10,00;10,00;30,00;8,00;5,00;7,00;9,00;
2021;Sulawesi Barat;Kab. Mamuju;45.786,99;;;;;;;;;
2021;Sulawesi Barat;Kab. Majene;25.463,42;;;;;;;;;
2021;Sulawesi Barat;Kab. Mamuju Tengah;22.864,48;;;;;;;;;
2021;Maluku;Kab. Maluku Tengah;62.165,92;;;;;;;;;
2021;Maluku;Kab. Buru Selatan;11.296,60;33,00;22,00;11,00;23,00;2,00;1,00;1,00;2,00;5,00
2021;Maluku;Kota Tual;19.611,92;8,50;17,50;10,80;15,80;5,60;9,30;7,00;6,70;18,80
2021;Maluku Utara;Kota Tidore Kepulauan;16.834,53;34,00;25,00;12,00;11,80;2,30;0,80;1,50;5,80;6,80
2021;Papua;Kab. Jayapura;30.746,87;40,00;;20,00;20,00;3,00;;;;
2021;Papua;Kab. Biak Numfor;21.323,59;12,88;39,22;22,35;11,63;10,46;0,01;0,13;3,32;
2021;Papua;Kab. Keerom;8.996,96;10,00;10,00;5,00;45,00;10,00;5,00;5,00;5,00;5,00
2021;Papua;Kota Jayapura;79.496,56;67,39;10,50;4,78;6,59;4,22;2,04;1,09;0,45;2,94
2021;Papua Barat;Kab. Manokwari;58.405,66;44,00;;11,00;26,00;;;;;19,00
2021;Papua Selatan;Kab. Asmat;16.298,27;20,00;10,00;15,00;40,00;4,00;3,00;3,00;3,00;2,00
2021;Papua Tengah;Kab. Nabire;24.693,86;62,56;15,13;4,60;11,32;0,48;1,95;;1,79;2,17
2021;Papua Pegunungan;Kab. Lanny Jaya;29.483,24;;;;;;;;;
2021;Papua Barat Daya;Kab. Sorong Selatan;8.167,39;;;;;;;;;
2021;Papua Barat Daya;Kab. Tambrauw;4.143,33;;;;;;;;;
2020;Aceh;Kab. Aceh Timur;21.023,49;37,00;14,00;5,00;26,00;5,00;3,00;2,00;4,00;4,00
2020;Aceh;Kab. Aceh Tengah;37.067,15;22,00;18,00;7,00;26,00;3,00;11,00;5,00;5,00;3,00
2020;Aceh;Kab. Simeulue;15.897,10;5,18;13,05;11,93;35,73;16,88;6,65;5,55;2,03;3,00
2020;Aceh;Kab. Aceh Jaya;16.876,51;;;;;;;;;
2020;Aceh;Kab. Bener Meriah;23.597,54;20,00;20,00;10,00;15,00;5,00;10,00;5,00;5,00;10,00
2020;Aceh;Kota Banda Aceh;88.800,12;35,20;11,50;3,00;6,80;4,50;7,50;9,30;4,50;17,70
2020;Aceh;Kota Sabang;9.624,82;;;;;;;;;
2020;Aceh;Kota Langsa;34.737,78;18,00;21,00;4,00;8,00;13,00;10,00;7,00;8,00;11,00
2020;Sumatera Utara;Kab. Langkat;150.409,49;37,00;31,00;24,40;7,00;0,20;0,20;0,20;;
2020;Sumatera Utara;Kab. Deli Serdang;400.716,89;20,50;24,00;13,80;20,20;6,00;5,00;3,00;2,00;5,50
2020;Sumatera Utara;Kab. Asahan;228.071,97;1,16;61,40;7,18;13,04;2,00;5,48;0,44;1,33;7,97
2020;Sumatera Utara;Kab. Dairi;41.508,38;55,53;10,99;12,48;19,26;0,32;0,35;0,20;0,53;0,34
2020;Sumatera Utara;Kab. Humbang Hasundutan;20.825,37;12,00;55,00;10,00;13,00;3,00;1,00;0,20;0,80;5,00
2020;Sumatera Utara;Kab. Samosir;32.370,63;24,00;10,00;20,00;30,00;6,20;2,00;1,00;0,80;6,00
2020;Sumatera Utara;Kota Medan;622.206,89;48,00;5,00;17,00;14,00;1,00;4,00;2,00;1,00;8,00
2020;Sumatera Utara;Kota Sibolga;22.388,44;;;;;;;;;
2020;Sumatera Utara;Kota Tebing Tinggi;44.726,04;62,70;1,73;11,43;16,65;0,73;2,60;0,71;1,83;1,62
2020;Sumatera Barat;Kab. Pesisir Selatan;56.034,44;20,40;19,60;23,00;19,00;16,00;0,42;1,58;;
2020;Sumatera Barat;Kab. Sijunjung;34.989,67;20,80;18,60;38,40;19,60;1,90;0,30;0,40;;
2020;Sumatera Barat;Kab. Tanah Datar;43.959,16;69,34;;8,63;6,00;2,24;1,57;;3,33;8,89
2020;Sumatera Barat;Kab. Agam;72.213,64;;;;;;;;;
2020;Sumatera Barat;Kab. Lima Puluh Kota;56.536,46;40,00;17,00;10,00;16,00;4,00;3,00;2,00;2,00;6,00
2020;Sumatera Barat;Kab. Dharmasraya;35.605,56;;;20,00;30,00;45,00;;;;
2020;Sumatera Barat;Kab. Pasaman Barat;64.783,41;30,00;10,00;20,00;30,00;5,00;;;;5,00
2020;Sumatera Barat;Kota Padang;232.259,72;62,00;8,30;6,10;12,60;0,20;2,80;1,50;2,40;4,10
2020;Sumatera Barat;Kota Solok;18.505,87;46,07;11,56;9,28;22,32;0,60;0,54;0,10;1,10;8,43
2020;Sumatera Barat;Kota Sawahlunto;6.852,82;;;;;;;;;
2020;Sumatera Barat;Kota Padang Panjang;17.019,51;43,15;23,56;14,35;12,67;1,50;0,95;0,80;1,19;1,83
2020;Sumatera Barat;Kota Bukittinggi;45.368,41;61,81;1,10;16,79;17,74;0,46;0,90;;0,51;0,69
2020;Sumatera Barat;Kota Payakumbuh;35.679,04;51,62;7,43;11,42;21,54;0,65;1,56;0,57;0,87;4,34
2020;Riau;Kab. Kampar;128.435,47;20,00;10,00;5,00;35,00;10,00;5,00;5,00;5,00;5,00
2020;Riau;Kab. Indragiri Hilir;109.472,70;;;36,00;33,00;12,00;;;;
2020;Riau;Kab. Pelalawan;55.158,80;10,00;18,00;20,00;30,00;6,00;3,00;5,00;3,00;5,00
2020;Riau;Kab. Siak;69.739,82;39,00;15,00;10,00;26,00;1,00;2,00;2,00;3,00;2,00
2020;Riau;Kab. Kuantan Singingi;48.784,73;;;;;;;;;
2020;Riau;Kota Pekanbaru;400.461,54;;;;;;;;;
2020;Riau;Kota Dumai;58.368,43;;;;;;;;;
2020;Jambi;Kab. Merangin;71.332,50;26,50;15,00;14,50;23,00;4,50;3,00;2,50;1,00;10,00
2020;Jambi;Kab. Sarolangun;40.612,09;;;;;;;;;
2020;Jambi;Kab. Batanghari;44.750,17;36,00;15,00;18,80;14,00;3,20;3,00;2,00;2,00;6,00
2020;Jambi;Kab. Muaro Jambi;29.792,97;;;;;;;;;
2020;Jambi;Kab. Tanjung Jabung Barat;60.942,59;5,00;8,00;30,00;30,00;3,00;6,00;10,00;2,00;6,00
2020;Jambi;Kab. Bungo;55.610,38;63,13;13,25;1,42;4,48;5,88;3,83;5,73;1,38;0,90
2020;Jambi;Kab. Tebo;49.299,67;;;;;;;;;
2020;Jambi;Kota Sungai Penuh;17.916,39;;;;;;;;;
2020;Sumatera Selatan;Kab. Ogan Komering Ulu;54.329,96;;;;;;;;;
2020;Sumatera Selatan;Kab. Muara Enim;148.345,86;61,02;8,07;7,38;17,18;1,14;1,33;0,36;0,31;3,21
2020;Sumatera Selatan;Kab. Musi Rawas;103.783,08;41,18;5,08;1,07;9,63;19,79;0,53;3,74;17,38;1,60
2020;Sumatera Selatan;Kab. Musi Banyuasin;94.593,69;58,30;4,80;9,10;21,20;1,10;3,00;0,80;0,80;0,90
2020;Sumatera Selatan;Kab. Banyuasin;207.426,14;38,12;8,46;16,65;13,39;0,95;1,25;1,97;1,26;17,95
2020;Sumatera Selatan;Kab. Ogan Komering Ulu Timur;176.275,84;1,00;5,00;7,00;7,00;1,00;1,00;2,00;1,00;75,00
2020;Sumatera Selatan;Kab. Ogan Ilir;107.510,06;30,00;15,00;10,00;10,00;5,00;5,00;5,00;5,00;15,00
2020;Sumatera Selatan;Kab. Empat Lawang;64.711,00;;;;;;;;;
2020;Sumatera Selatan;Kota Palembang;426.390,66;55,00;5,00;10,00;14,00;5,00;4,00;3,00;2,00;2,00
2020;Sumatera Selatan;Kota Prabumulih;34.479,54;61,50;5,80;2,70;25,40;0,40;0,90;0,20;0,30;2,80
2020;Bengkulu;Kab. Lebong;15.726,97;;;;;;;;;
2020;Bengkulu;Kab. Kepahiang;20.498,84;;;;;;;;;
2020;Bengkulu;Kab. Bengkulu Tengah;21.214,90;20,20;45,00;15,00;18,00;1,00;0,50;0,10;0,20;
2020;Lampung;Kab. Lampung Barat;44.805,94;25,00;20,00;15,00;35,00;2,00;0,50;0,50;0,20;1,80
2020;Lampung;Kab. Way Kanan;70.036,49;0,58;0,16;0,05;0,12;0,00;0,04;0,02;0,02;0,01
2020;Lampung;Kab. Pesawaran;65.467,86;29,00;31,00;10,00;20,00;3,00;1,00;2,00;2,00;2,00
2020;Lampung;Kota Bandar Lampung;276.649,16;40,40;12,90;11,70;17,40;3,10;2,50;1,80;2,30;7,90
2020;Lampung;Kota Metro;37.651,79;56,47;6,24;9,40;24,07;0,56;1,25;0,27;0,88;0,86
2020;Kepulauan Bangka Belitung;Kab. Bangka;46.947,32;26,17;11,50;30,86;18,82;0,62;3,79;0,42;0,66;7,16
2020;Kepulauan Bangka Belitung;Kab. Belitung;25.910,91;0,50;75,00;0,30;0,60;0,03;0,25;0,02;0,30;23,00
2020;Kepulauan Bangka Belitung;Kab. Bangka Tengah;29.160,14;40,00;14,00;10,00;15,00;2,00;12,00;4,00;1,00;2,00
2020;Kepulauan Bangka Belitung;Kab. Bangka Barat;29.058,53;;;;;;;;;
2020;Kepulauan Bangka Belitung;Kab. Belitung Timur;18.421,99;;;;;;;;;
2020;Kepulauan Bangka Belitung;Kota Pangkal Pinang;55.416,16;51,73;12,80;7,77;9,60;2,28;3,88;6,22;2,26;3,46
2020;Kepulauan Riau;Kab. Bintan;19.499,65;38,80;5,50;24,40;12,40;0,50;5,50;3,90;2,50;6,50
2020;Kepulauan Riau;Kab. Karimun;64.677,53;23,00;19,00;24,00;24,50;4,00;2,50;1,50;1,20;0,30
2020;Kepulauan Riau;Kab. Natuna;11.366,74;;;;;;;;;
2020;Kepulauan Riau;Kab. Lingga;10.157,55;41,20;13,60;18,30;10,20;1,80;8,90;3,90;1,90;0,20
2020;Kepulauan Riau;Kab. Kepulauan Anambas;4.702,70;;;;;;;;;
2020;Kepulauan Riau;Kota Batam;305.679,18;49,00;9,00;10,00;19,00;1,00;2,00;0,00;1,00;9,00
2020;Kepulauan Riau;Kota Tanjung Pinang;54.013,05;21,00;37,00;7,00;25,00;3,00;2,00;2,00;1,00;2,00
2020;DKI Jakarta;Kab. Adm. Kep. Seribu;6.329,24;23,02;2,97;0,18;0,90;0,08;;;0,65;72,20
2020;DKI Jakarta;Kota Adm. Jakarta Pusat;308.331,29;;;;;;;;;
2020;DKI Jakarta;Kota Adm. Jakarta Utara;489.481,03;;;;;;;;;
2020;DKI Jakarta;Kota Adm. Jakarta Barat;719.768,00;69,77;5,78;3,08;2,97;1,49;2,99;1,25;0,01;12,66
2020;DKI Jakarta;Kota Adm. Jakarta Selatan;701.164,63;;;;;;;;;
2020;DKI Jakarta;Kota Adm. Jakarta Timur;829.738,03;;;;;;;;;
2020;Jawa Barat;Kab. Bandung;482.291,89;43,00;10,00;9,00;20,00;2,00;1,00;;1,00;14,00
2020;Jawa Barat;Kab. Ciamis;209.920,70;26,40;0,40;33,00;5,00;10,70;6,40;1,70;16,10;0,30
2020;Jawa Barat;Kab. Cirebon;448.368,18;;;;;;;;;
2020;Jawa Barat;Kab. Sumedang;160.816,27;62,27;1,97;9,25;12,57;1,77;0,91;1,25;1,09;8,92
2020;Jawa Barat;Kab. Bekasi;693.586,51;;;;;;;;;
2020;Jawa Barat;Kab. Pangandaran;62.523,33;;;;;;;;;
2020;Jawa Barat;Kota Bogor;245.922,33;20,00;33,30;19,70;10,00;1,50;3,50;1,00;1,00;10,00
2020;Jawa Barat;Kota Sukabumi;65.424,09;46,62;15,78;7,97;12,45;0,91;1,66;0,84;1,91;11,86
2020;Jawa Barat;Kota Bandung;562.034,59;44,52;3,98;13,12;16,70;0,90;4,75;2,38;1,97;11,68
2020;Jawa Barat;Kota Depok;472.854,23;62,95;0,57;6,10;21,36;0,14;0,57;0,50;0,57;7,24
2020;Jawa Barat;Kota Cimahi;99.782,38;;;;;;;;;
2020;Jawa Barat;Kota Tasikmalaya;106.688,51;48,70;;5,80;5,40;0,20;1,90;;6,30;31,60
2020;Jawa Barat;Kota Banjar;30.566,85;42,97;10,84;9,41;24,62;1,02;1,18;0,05;2,81;7,09
2020;Jawa Tengah;Kab. Cilacap;343.019,17;57,67;10,63;9,71;16,42;1,33;1,25;0,51;0,65;1,83
2020;Jawa Tengah;Kab. Purworejo;105.146,86;3,00;67,00;6,00;9,00;4,00;0,50;0,30;1,00;8,20
2020;Jawa Tengah;Kab. Wonosobo;128.352,10;40,00;21,50;15,00;20,00;0,20;0,20;0,10;1,00;2,00
2020;Jawa Tengah;Kab. Magelang;248.530,33;37,80;3,90;26,20;17,90;1,30;1,10;0,80;2,40;8,60
2020;Jawa Tengah;Kab. Boyolali;105.094,61;;;;;;;;;
2020;Jawa Tengah;Kab. Sukoharjo;132.863,50;60,40;2,63;8,14;15,20;3,18;3,80;4,10;1,20;1,35
2020;Jawa Tengah;Kab. Wonogiri;159.663,85;25,00;10,00;20,00;25,00;5,00;5,00;2,50;5,00;2,50
2020;Jawa Tengah;Kab. Sragen;195.023,44;74,70;0,80;8,10;11,30;0,50;1,90;0,30;1,80;0,30
2020;Jawa Tengah;Kab. Blora;135.568,25;4,00;10,00;35,00;40,00;3,00;2,00;2,00;2,00;2,00
2020;Jawa Tengah;Kab. Rembang;86.905,62;38,12;1,59;13,38;34,45;0,93;1,88;0,77;1,33;7,55
2020;Jawa Tengah;Kab. Pati;239.060,58;;;;;;;;;
2020;Jawa Tengah;Kab. Kudus;160.924,12;;;;;;;;;
2020;Jawa Tengah;Kab. Jepara;254.418,30;55,08;5,29;11,48;19,63;1,26;2,12;1,02;1,20;2,92
2020;Jawa Tengah;Kab. Semarang;194.690,09;58,00;5,00;8,90;19,00;2,50;3,20;;2,30;0,50
2020;Jawa Tengah;Kab. Temanggung;181.143,80;28,32;33,98;11,40;10,57;1,37;2,40;1,24;2,25;8,38
2020;Jawa Tengah;Kab. Kendal;148.701,73;51,54;19,88;9,49;11,31;1,29;3,09;0,88;2,07;0,45
2020;Jawa Tengah;Kab. Batang;87.788,12;;;;;;;;;
2020;Jawa Tengah;Kab. Pemalang;142.970,65;40,00;5,00;10,00;25,00;2,00;4,00;5,00;7,00;2,00
2020;Jawa Tengah;Kab. Tegal;371.778,31;39,00;20,80;8,70;14,50;5,20;3,50;4,80;1,60;1,90
2020;Jawa Tengah;Kab. Brebes;361.123,52;1,00;80,00;1,00;15,00;1,00;;1,00;;1,00
2020;Jawa Tengah;Kota Magelang;32.709,11;33,70;13,30;18,80;21,50;0,80;1,80;0,50;3,70;5,90
2020;Jawa Tengah;Kota Salatiga;41.620,01;;;;;;;;;
2020;Jawa Tengah;Kota Semarang;466.010,79;60,79;;10,18;17,20;1,22;4,94;1,00;1,79;2,88
2020;D.I. Yogyakarta;Kab. Kulon Progo;63.713,67;67,18;;12,60;17,22;1,68;0,21;;1,11;
2020;D.I. Yogyakarta;Kab. Bantul;192.021,91;60,54;2,80;6,26;24,33;1,66;0,82;0,04;2,34;1,21
2020;D.I. Yogyakarta;Kab. Gunungkidul;131.671,16;;;;;;;;;
2020;D.I. Yogyakarta;Kab. Sleman;256.210,07;;;;;;;;;
2020;D.I. Yogyakarta;Kota Yogyakarta;131.689,26;50,21;10,91;6,18;10,79;2,12;0,68;0,13;10,66;8,32
2020;Jawa Timur;Kab. Pacitan;104.308,04;68,40;2,90;8,30;17,00;0,50;0,20;0,20;0,50;2,00
2020;Jawa Timur;Kab. Ponorogo;127.432,45;;;;;;;;;
2020;Jawa Timur;Kab. Trenggalek;109.536,65;32,00;3,00;31,00;29,00;1,00;1,00;1,00;1,00;1,00
2020;Jawa Timur;Kab. Blitar;154.237,67;70,85;1,00;12,45;7,50;0,90;1,94;0,52;0,92;3,92
2020;Jawa Timur;Kab. Lumajang;183.033,37;42,48;17,52;7,71;18,20;1,16;3,28;1,46;1,52;6,67
2020;Jawa Timur;Kab. Bondowoso;104.819,19;60,22;2,32;7,63;25,30;1,20;1,13;1,20;1,00;
2020;Jawa Timur;Kab. Situbondo;94.665,76;;;;;;;;;
2020;Jawa Timur;Kab. Probolinggo;167.335,13;20,00;32,00;16,60;16,90;0,40;0,50;12,00;0,20;1,40
2020;Jawa Timur;Kab. Sidoarjo;396.476,90;70,30;1,40;8,50;11,00;0,20;1,10;0,20;0,50;6,80
2020;Jawa Timur;Kab. Jombang;192.437,05;;;;;;;;;
2020;Jawa Timur;Kab. Nganjuk;154.373,54;7,46;54,13;2,71;6,41;0,23;9,62;0,25;0,74;18,45
2020;Jawa Timur;Kab. Magetan;101.944,50;;;;;;;;;
2020;Jawa Timur;Kab. Ngawi;133.778,92;38,30;3,80;10,40;30,60;2,40;2,30;3,70;3,50;5,10
2020;Jawa Timur;Kab. Tuban;179.991,08;58,52;15,32;5,78;11,02;0,17;1,62;0,10;1,33;6,14
2020;Jawa Timur;Kab. Gresik;119.648,37;40,00;1,00;11,00;16,00;2,00;1,00;1,00;1,00;27,00
2020;Jawa Timur;Kab. Pamekasan;99.350,12;;;;;;;;;
2020;Jawa Timur;Kab. Sumenep;132.788,73;63,86;1,35;7,61;13,18;;1,31;0,29;0,96;11,44
2020;Jawa Timur;Kota Kediri;55.091,09;;;;;;;;;
2020;Jawa Timur;Kota Blitar;27.219,69;53,00;13,60;5,20;9,10;0,80;2,90;3,00;3,40;9,00
2020;Jawa Timur;Kota Malang;247.389,19;;;;;;;;;
2020;Jawa Timur;Kota Probolinggo;34.949,48;59,25;4,81;10,87;18,38;0,87;0,93;1,38;1,07;2,44
2020;Jawa Timur;Kota Pasuruan;48.394,73;10,11;6,40;1,35;6,06;0,07;0,67;0,07;0,13;75,14
2020;Jawa Timur;Kota Mojokerto;23.790,34;75,00;5,50;7,50;3,00;1,80;4,00;1,20;0,50;1,50
2020;Jawa Timur;Kota Madiun;43.133,55;81,00;0,50;8,00;4,00;3,00;1,00;1,00;1,00;0,50
2020;Jawa Timur;Kota Surabaya;811.255,10;54,31;1,61;14,63;19,44;0,48;1,47;2,33;1,12;4,61
2020;Banten;Kab. Lebak;187.706,21;30,00;12,00;10,00;15,00;8,00;5,00;5,00;10,00;5,00
2020;Banten;Kab. Serang;414.581,97;63,01;;9,13;20,02;1,21;0,24;;1,83;4,56
2020;Banten;Kota Cilegon;136.458,00;27,37;;27,68;41,41;;;;7,81;
2020;Banten;Kota Serang;190.440,06;65,00;4,00;8,00;20,00;0,50;0,75;0,50;0,25;1,00
2020;Banten;Kota Tangerang Selatan;390.753,87;35,63;14,08;13,45;17,37;0,38;0,67;0,48;0,85;17,09
2020;Bali;Kab. Jembrana;60.115,32;11,22;30,88;11,10;22,10;2,10;7,00;7,00;2,70;5,90
2020;Bali;Kab. Tabanan;84.247,48;5,00;39,00;37,00;42,00;;;;2,00;
2020;Bali;Kab. Badung;102.654,16;16,00;33,90;5,96;27,61;2,63;2,16;0,67;0,99;10,08
2020;Bali;Kab. Gianyar;160.182,08;;58,73;10,89;17,08;3,15;0,76;0,74;;8,65
2020;Bali;Kab. Bangli;39.777,41;15,00;67,00;2,00;3,11;11,00;0,09;0,50;1,20;0,10
2020;Bali;Kab. Karangasem;91.067,50;;;;;;;;;
2020;Bali;Kab. Buleleng;124.791,86;2,99;62,57;5,63;10,18;2,82;5,33;4,55;3,33;2,60
2020;Bali;Kota Denpasar;242.088,55;70,00;6,00;2,00;15,00;;1,00;1,00;;5,00
2020;Nusa Tenggara Barat;Kab. Lombok Timur;176.454,72;36,00;23,00;3,50;19,00;7,00;4,00;3,00;4,00;0,50
2020;Nusa Tenggara Barat;Kab. Lombok Utara;26.765,44;;;;;;;;;
2020;Nusa Tenggara Timur;Kab. Sumba Tengah;9.360,28;44,00;13,00;11,00;15,00;2,00;3,00;2,00;2,00;8,00
2020;Nusa Tenggara Timur;Kota Kupang;79.382,39;27,40;15,20;13,40;19,80;6,50;3,60;2,15;3,30;8,65
2020;Kalimantan Barat;Kab. Sambas;100.182,28;40,00;5,60;14,20;25,00;0,30;1,00;0,90;2,00;11,00
2020;Kalimantan Barat;Kab. Mempawah;26.248,50;10,00;25,00;25,00;20,00;10,00;3,00;2,00;2,00;3,00
2020;Kalimantan Barat;Kab. Sanggau;87.137,36;56,21;13,61;4,73;7,10;;;;2,96;15,39
2020;Kalimantan Barat;Kab. Ketapang;94.503,79;28,00;4,00;9,00;42,00;2,00;3,00;2,00;1,00;9,00
2020;Kalimantan Barat;Kab. Melawi;34.184,59;;;;;;;;;
2020;Kalimantan Barat;Kota Pontianak;140.823,35;83,00;1,50;7,20;6,00;2,00;;0,10;;0,20
2020;Kalimantan Barat;Kota Singkawang;41.331,69;51,61;1,49;1,57;39,22;1,90;1,73;;1,32;1,16
2020;Kalimantan Tengah;Kab. Kotawaringin Barat;45.685,01;50,00;5,00;10,00;12,00;2,00;2,00;2,00;1,00;16,00
2020;Kalimantan Tengah;Kab. Kotawaringin Timur;94.086,47;45,05;5,00;7,26;20,26;1,82;4,04;1,18;4,33;11,06
2020;Kalimantan Tengah;Kab. Kapuas;75.850,29;37,50;20,00;13,20;12,00;0,30;1,00;;1,00;15,00
2020;Kalimantan Tengah;Kab. Barito Utara;19.084,10;30,00;12,00;14,00;20,00;5,00;5,00;2,00;2,00;10,00
2020;Kalimantan Tengah;Kab. Katingan;16.579,09;56,98;2,06;13,17;14,34;4,02;1,78;3,14;3,28;0,95
2020;Kalimantan Tengah;Kab. Sukamara;9.426,64;;;;;;;;;
2020;Kalimantan Tengah;Kab. Pulang Pisau;23.662,95;23,51;26,74;13,31;25,13;3,19;2,41;0,83;1,79;3,09
2020;Kalimantan Tengah;Kab. Barito Timur;16.531,43;32,00;9,00;7,00;37,00;1,00;5,00;6,50;1,20;1,30
2020;Kalimantan Tengah;Kota Palangkaraya;52.570,77;70,05;1,40;7,14;15,14;0,67;1,30;0,90;1,01;2,39
2020;Kalimantan Selatan;Kab. Barito Kuala;33.981,46;59,50;9,50;10,50;12,00;3,10;1,90;0,50;2,00;1,00
2020;Kalimantan Selatan;Kab. Tapin;28.035,94;50,24;3,58;10,50;33,40;0,48;0,88;0,15;0,12;0,64
2020;Kalimantan Selatan;Kab. Hulu Sungai Selatan;34.374,09;55,18;1,48;13,13;25,35;2,90;0,46;0,90;0,40;0,20
2020;Kalimantan Selatan;Kab. Hulu Sungai Tengah;39.840,63;47,80;7,26;10,45;26,12;5,75;0,24;0,35;1,78;0,25
2020;Kalimantan Selatan;Kab. Hulu Sungai Utara;35.280,75;55,78;8,38;8,72;12,41;0,98;0,84;0,06;6,10;6,73
2020;Kalimantan Selatan;Kab. Tabalong;36.123,17;35,60;2,10;16,90;23,90;1,20;2,60;;3,10;14,60
2020;Kalimantan Selatan;Kab. Balangan;20.733,57;57,43;10,37;10,86;14,48;2,08;1,71;0,76;1,21;1,10
2020;Kalimantan Selatan;Kota Banjarmasin;181.041,17;55,89;0,64;9,39;12,77;1,36;14,93;1,63;2,71;0,68
2020;Kalimantan Selatan;Kota Banjarbaru;53.699,76;39,58;11,24;14,55;21,36;0,45;2,22;0,64;1,15;8,81
2020;Kalimantan Timur;Kab. Paser;39.628,93;54,99;0,22;10,20;13,64;1,38;13,56;1,20;3,52;1,29
2020;Kalimantan Timur;Kab. Kutai Kartanegara;77.215,90;73,92;0,98;10,43;7,86;2,04;1,57;0,55;1,75;0,90
2020;Kalimantan Timur;Kab. Penajam Paser Utara;39.889,94;46,13;1,09;20,87;29,83;0,22;0,02;0,67;0,83;0,34
2020;Kalimantan Timur;Kota Balikpapan;175.865,25;42,30;6,36;10,26;7,20;3,87;2,94;0,98;6,56;19,53
2020;Kalimantan Timur;Kota Samarinda;226.578,93;53,39;7,00;17,00;19,90;0,65;0,62;0,06;0,92;0,46
2020;Kalimantan Timur;Kota Bontang;37.769,85;44,12;6,00;27,50;18,00;2,10;0,03;0,25;1,05;0,95
2020;Kalimantan Utara;Kab. Nunukan;16.794,78;46,40;8,20;23,40;21,30;0,20;0,20;0,10;0,10;0,10
2020;Kalimantan Utara;Kota Tarakan;63.924,05;41,00;12,00;16,00;17,00;1,00;2,00;;;11,00
2020;Sulawesi Utara;Kab. Minahasa;62.700,43;;;;;;;;;
2020;Sulawesi Utara;Kab. Kepulauan Sangihe;25.415,32;15,00;35,00;6,00;19,00;5,00;4,00;4,00;7,00;5,00
2020;Sulawesi Utara;Kab. Minahasa Selatan;34.523,60;;;;;;;;;
2020;Sulawesi Utara;Kab. Minahasa Utara;37.904,52;52,74;0,75;14,75;20,78;0,30;0,55;0,38;1,75;8,00
2020;Sulawesi Utara;Kab. Minahasa Tenggara;16.282,65;40,00;17,00;10,00;16,00;4,00;3,00;2,00;2,00;6,00
2020;Sulawesi Utara;Kab. Kep. Siau Tagulandang Biaro;13.106,60;;;;;;;;;
2020;Sulawesi Utara;Kab. Bolaang Mongondow Selatan;12.736,86;;;;;;;;;
2020;Sulawesi Utara;Kota Bitung;49.304,35;49,11;1,14;18,02;18,92;0,26;1,48;1,48;1,83;7,76
2020;Sulawesi Utara;Kota Tomohon;25.699,98;;;;;;;;;
2020;Sulawesi Utara;Kota Kotamobagu;31.553,74;53,50;5,00;11,80;8,50;5,70;3,60;2,60;2,80;6,50
2020;Sulawesi Tengah;Kab. Banggai;68.687,53;;;;;;;;;
2020;Sulawesi Tengah;Kab. Donggala;44.400,06;35,00;10,00;20,00;13,00;6,00;3,00;3,00;3,00;7,00
2020;Sulawesi Tengah;Kab. Parigi Moutong;80.302,74;;;;;;;;;
2020;Sulawesi Tengah;Kota Palu;72.298,84;70,96;0,77;9,44;10,43;1,90;1,06;0,68;0,59;4,15
2020;Sulawesi Selatan;Kab. Kepulauan Selayar;25.015,46;50,00;8,17;15,00;15,00;4,90;2,60;3,50;0,50;0,33
2020;Sulawesi Selatan;Kab. Bulukumba;62.768,76;5,00;5,00;5,00;10,00;2,00;;;0,50;5,00
2020;Sulawesi Selatan;Kab. Bantaeng;29.362,79;30,13;27,50;11,00;14,00;1,24;3,00;2,00;1,13;10,00
2020;Sulawesi Selatan;Kab. Bone;139.714,88;73,40;0,50;10,00;8,60;3,10;0,40;1,20;1,10;1,70
2020;Sulawesi Selatan;Kab. Maros;56.583,91;70,72;10,04;7,18;8,86;0,98;0,17;0,05;0,03;1,97
2020;Sulawesi Selatan;Kab. Pangkajene Kepulauan;51.641,66;;;;;;;;;
2020;Sulawesi Selatan;Kab. Soppeng;34.951,09;;;;;;;;;
2020;Sulawesi Selatan;Kab. Wajo;58.080,84;42,10;17,10;6,50;19,10;2,30;6,40;2,80;2,20;1,50
2020;Sulawesi Selatan;Kab. Sidenreng Rappang;48.328,34;56,00;9,60;6,20;6,60;4,50;3,60;4,20;4,40;4,90
2020;Sulawesi Selatan;Kab. Enrekang;41.386,62;;;;;;;;;
2020;Sulawesi Selatan;Kab. Luwu;54.189,65;40,00;10,00;25,00;15,00;3,00;1,00;2,00;2,00;2,00
2020;Sulawesi Selatan;Kab. Luwu Utara;48.119,56;38,00;41,81;4,30;6,97;0,44;0,51;0,18;1,00;6,79
2020;Sulawesi Selatan;Kab. Luwu Timur;43.752,26;40,00;10,00;25,00;15,00;3,00;1,00;2,00;2,00;2,00
2020;Sulawesi Selatan;Kota Makassar;363.800,57;14,29;;2,04;5,26;1,67;0,71;;0,49;
2020;Sulawesi Selatan;Kota Parepare;27.286,67;52,30;10,80;11,90;13,75;2,55;1,65;1,90;2,80;2,35
2020;Sulawesi Selatan;Kota Palopo;38.823,96;20,00;30,00;15,00;20,00;5,00;5,00;;5,00;
2020;Sulawesi Tenggara;Kab. Kolaka;57.370,12;60,00;5,00;11,00;14,00;5,00;1,00;1,00;2,00;1,00
2020;Sulawesi Tenggara;Kab. Buton;14.856,67;;;;;;;;;
2020;Sulawesi Tenggara;Kab. Kolaka Utara;22.088,34;;;;;;;;;
2020;Gorontalo;Kab. Gorontalo;53.506,23;64,00;12,00;13,00;1,00;1,00;1,00;1,00;1,00;6,00
2020;Gorontalo;Kab. Pohuwato;21.532,96;34,13;14,30;10,20;35,89;;;;1,20;4,28
2020;Sulawesi Barat;Kab. Pasangkayu;26.062,17;5,00;6,00;30,00;40,00;9,00;;;;10,00
2020;Sulawesi Barat;Kab. Mamuju;48.178,80;47,03;1,86;16,45;15,79;3,37;2,75;1,40;5,33;6,02
2020;Sulawesi Barat;Kab. Polewali Mandar;65.391,50;58,68;14,35;9,05;9,70;5,55;0,45;0,35;0,27;1,60
2020;Maluku;Kab. Buru Selatan;11.238,06;20,00;19,00;16,00;23,00;5,00;4,00;2,00;7,00;4,00
2020;Maluku;Kota Ambon;98.753,56;39,00;9,00;12,30;15,90;7,00;4,30;3,00;5,00;4,50
2020;Maluku Utara;Kab. Halmahera Utara;50.496,51;49,76;15,82;12,74;13,27;0,92;0,63;0,22;2,26;4,38
2020;Maluku Utara;Kab. Pulau Morotai;10.867,66;;;;;;;;;
2020;Maluku Utara;Kota Tidore Kepulauan;16.753,21;34,00;25,00;12,00;11,80;2,30;0,80;1,50;5,80;6,80
2020;Papua;Kab. Biak Numfor;21.308,99;11,93;36,39;24,11;12,54;11,28;0,02;0,14;3,59;0,00
2020;Papua;Kab. Keerom;9.305,16;10,00;8,00;10,00;35,00;10,00;5,00;15,00;2,00;5,00
2020;Papua;Kota Jayapura;92.442,31;66,39;10,58;4,79;6,60;4,34;2,05;1,08;0,46;3,71
2020;Papua Barat;Kab. Manokwari;57.182,95;44,00;;11,00;26,00;;;;;19,00
2020;Papua Selatan;Kab. Asmat;16.075,33;20,00;10,00;15,00;40,00;4,00;3,00;3,00;3,00;2,00
2020;Papua Barat Daya;Kab. Sorong Selatan;7.929,55;;;;;;;;;
2020;Papua Barat Daya;Kab. Raja Ampat;12.090,99;0,00;0,00;0,00;0,00;0,00;;;0,00;
2019;Aceh;Kab. Aceh Selatan;35.013,28;;;;;;;;;
2019;Aceh;Kab. Aceh Tengah;36.853,74;20,00;20,00;10,00;25,00;5,00;10,00;5,00;3,00;2,00
2019;Aceh;Kab. Simeulue;16.044,14;5,75;14,50;13,25;35,25;18,75;3,50;3,75;2,25;3,00
2019;Aceh;Kab. Gayo Lues;13.738,60;40,00;14,00;12,00;17,00;3,00;3,00;2,00;2,00;7,00
2019;Aceh;Kab. Bener Meriah;23.683,10;;;;;;;;;
2019;Aceh;Kota Banda Aceh;87.088,96;35,20;11,50;3,00;6,80;4,50;7,50;9,30;4,50;17,70
2019;Aceh;Kota Sabang;7.886,51;;;;;;;;;
2019;Aceh;Kota Langsa;34.522,61;17,00;20,00;7,00;7,00;12,00;6,00;8,00;5,00;7,00
2019;Sumatera Utara;Kab. Langkat;152.099,15;22,90;19,90;18,90;14,60;1,00;3,00;2,00;2,00;7,00
2019;Sumatera Utara;Kab. Deli Serdang;393.401,56;20,50;14,00;13,80;30,20;6,00;5,00;3,00;2,00;5,50
2019;Sumatera Utara;Kab. Asahan;226.473,72;1,16;61,40;7,18;13,04;2,00;5,48;0,44;1,33;7,97
2019;Sumatera Utara;Kab. Dairi;41.347,64;55,53;10,99;12,48;19,26;0,32;0,35;0,20;0,53;0,34
2019;Sumatera Utara;Kab. Humbang Hasundutan;20.638,56;12,00;55,00;10,00;13,00;3,00;1,00;0,20;0,80;5,00
2019;Sumatera Utara;Kab. Samosir;29.938,10;25,00;10,50;20,00;30,00;4,00;2,00;1,00;0,50;7,00
2019;Sumatera Utara;Kota Medan;621.968,76;48,00;5,00;17,00;14,00;1,00;4,00;2,00;1,00;8,00
2019;Sumatera Utara;Kota Pematang Siantar;83.871,96;;;;;;;;;
2019;Sumatera Utara;Kota Tebing Tinggi;44.229,35;;;;;;;;;
2019;Sumatera Barat;Kab. Pesisir Selatan;50.448,40;21,50;19,50;21,80;20,00;15,50;0,40;1,30;;
2019;Sumatera Barat;Kab. Sijunjung;34.435,06;20,10;18,20;20,40;19,00;20,40;1,20;0,20;0,50;
2019;Sumatera Barat;Kab. Tanah Datar;43.849,48;69,34;;8,63;6,00;2,24;1,57;;3,33;8,89
2019;Sumatera Barat;Kab. Agam;71.727,17;62,63;4,99;6,16;13,47;1,05;0,14;0,35;0,28;10,93
2019;Sumatera Barat;Kab. Pasaman;31.594,98;74,83;1,70;10,20;6,80;2,04;0,68;0,68;2,38;0,69
2019;Sumatera Barat;Kab. Dharmasraya;35.161,11;;;19,00;28,00;44,00;;;;
2019;Sumatera Barat;Kota Padang;233.774,32;61,24;8,40;6,10;12,40;0,16;2,90;1,50;2,40;4,90
2019;Sumatera Barat;Kota Solok;18.143,06;41,92;12,68;15,47;20,53;0,56;0,66;0,10;1,65;6,43
2019;Sumatera Barat;Kota Sawahlunto;6.756,54;46,00;10,00;15,00;10,00;3,00;5,00;4,00;5,00;2,00
2019;Sumatera Barat;Kota Padang Panjang;16.867,96;43,15;23,56;14,35;12,67;1,50;0,95;0,80;1,19;1,83
2019;Sumatera Barat;Kota Bukittinggi;41.402,80;;;;;;;;;
2019;Sumatera Barat;Kota Payakumbuh;35.543,88;48,26;5,15;14,15;26,56;0,22;0,89;0,51;0,78;3,48
2019;Riau;Kab. Kampar;125.917,12;20,00;10,00;10,00;35,00;10,00;5,00;5,00;5,00;
2019;Riau;Kab. Pelalawan;54.072,27;;;;;;;;;
2019;Riau;Kab. Rokan Hilir;182.786,74;8,00;33,00;19,00;24,00;3,00;3,00;2,00;2,00;6,00
2019;Riau;Kab. Siak;67.950,44;39,00;15,00;10,00;26,00;1,00;2,00;2,00;3,00;2,00
2019;Riau;Kota Pekanbaru;378.324,91;;;;;;;;;
2019;Jambi;Kab. Merangin;70.140,04;28,00;13,00;19,00;15,00;4,00;4,00;3,00;2,00;12,00
2019;Jambi;Kab. Sarolangun;44.078,57;;;;;;;;;
2019;Jambi;Kab. Batanghari;44.110,54;36,00;15,00;18,80;14,00;3,20;3,00;2,00;2,00;6,00
2019;Jambi;Kab. Muaro Jambi;29.208,76;;;;;;;;;
2019;Jambi;Kab. Bungo;54.519,90;63,13;13,25;1,42;4,48;5,88;3,83;5,73;1,38;0,90
2019;Jambi;Kota Jambi;154.557,83;;;;;;;;;
2019;Jambi;Kota Sungai Penuh;18.420,46;;;;;;;;;100,00
2019;Sumatera Selatan;Kab. Ogan Komering Ulu;53.565,79;;;;;;;;;
2019;Sumatera Selatan;Kab. Muara Enim;160.622,89;61,02;8,07;7,38;17,18;1,14;1,33;0,36;0,31;3,21
2019;Sumatera Selatan;Kab. Lahat;110.721,95;5,00;80,00;1,60;6,00;1,80;;;0,40;5,10
2019;Sumatera Selatan;Kab. Musi Rawas;103.522,21;43,52;17,41;10,44;22,24;1,55;0,97;2,90;0,58;0,39
2019;Sumatera Selatan;Kab. Musi Banyuasin;93.239,98;58,30;4,80;9,10;21,20;1,10;3,00;0,80;0,80;0,90
2019;Sumatera Selatan;Kab. Empat Lawang;63.928,40;;;;;;;;;
2019;Sumatera Selatan;Kota Palembang;424.869,16;51,20;6,70;17,20;18,00;0,60;2,80;0,50;1,20;1,90
2019;Sumatera Selatan;Kota Prabumulih;34.097,21;56,71;7,80;5,30;24,75;0,63;1,22;0,33;0,76;2,50
2019;Bengkulu;Kab. Bengkulu Selatan;23.127,71;40,00;20,00;19,50;8,00;1,50;2,00;1,00;5,00;3,00
2019;Bengkulu;Kab. Bengkulu Utara;65.408,29;31,60;37,50;7,40;6,30;5,10;0,80;2,90;2,50;5,90
2019;Bengkulu;Kab. Lebong;15.665,22;;;;;;;;;
2019;Bengkulu;Kab. Kepahiang;20.068,87;;;;;;;;;
2019;Bengkulu;Kab. Bengkulu Tengah;20.897,71;15,00;50,00;15,00;17,20;2,00;0,50;0,10;0,20;
2019;Lampung;Kab. Lampung Barat;44.266,32;20,00;15,00;10,00;35,00;2,00;0,50;0,50;0,20;16,80
2019;Lampung;Kab. Way Kanan;65.902,21;0,60;0,17;0,05;0,09;0,05;0,02;0,02;0,01;0,00
2019;Lampung;Kab. Pringsewu;57.993,97;50,00;15,00;5,00;20,00;1,00;0,25;0,25;0,25;8,25
2019;Lampung;Kota Bandar Lampung;249.468,38;30,00;5,00;5,00;30,00;5,00;2,00;10,00;6,00;7,00
2019;Lampung;Kota Metro;37.416,59;56,47;6,24;9,40;24,07;0,56;1,25;0,27;0,88;0,86
2019;Kepulauan Bangka Belitung;Kab. Bangka;46.538,38;26,17;30,86;11,50;18,82;0,62;3,79;0,42;0,66;7,16
2019;Kepulauan Bangka Belitung;Kab. Bangka Selatan;31.275,97;19,99;37,46;10,04;17,42;12,67;0,78;0,65;0,54;0,45
2019;Kepulauan Bangka Belitung;Kab. Bangka Tengah;28.704,62;40,00;14,00;10,00;15,00;2,00;12,00;4,00;1,00;2,00
2019;Kepulauan Bangka Belitung;Kota Pangkal Pinang;52.978,44;;;;;;;;;
2019;Kepulauan Riau;Kab. Bintan;18.724,68;37,50;5,60;23,60;14,10;0,60;5,20;4,50;2,50;6,40
2019;Kepulauan Riau;Kab. Karimun;64.005,56;25,00;18,00;20,00;23,50;4,50;3,00;1,40;4,00;0,60
2019;Kepulauan Riau;Kab. Natuna;11.096,86;;;;;;;;;
2019;Kepulauan Riau;Kab. Lingga;9.958,48;40,80;10,30;17,10;12,80;1,60;9,50;4,80;1,60;1,50
2019;Kepulauan Riau;Kab. Kepulauan Anambas;4.645,98;;;;;;;;;
2019;Kepulauan Riau;Kota Batam;486.321,91;49,00;9,00;10,00;19,00;1,00;2,00;0,00;1,00;9,00
2019;Kepulauan Riau;Kota Tanjung Pinang;52.387,65;18,00;37,00;9,00;26,00;3,00;1,00;2,00;1,00;3,00
2019;DKI Jakarta;Kab. Adm. Kep. Seribu;6.210,12;23,02;2,97;0,18;0,90;0,08;;;0,65;72,20
2019;DKI Jakarta;Kota Adm. Jakarta Utara;484.561,02;;;;;;;;;
2019;DKI Jakarta;Kota Adm. Jakarta Selatan;695.190,04;;;;;;;;;
2019;DKI Jakarta;Kota Adm. Jakarta Timur;822.585,19;;;;;;;;;
2019;Jawa Barat;Kab. Sukabumi;372.510,24;45,08;6,80;7,10;26,27;1,21;1,27;0,11;2,62;6,60
2019;Jawa Barat;Kab. Ciamis;207.071,95;26,40;0,40;33,00;5,00;10,70;6,40;1,70;16,10;0,30
2019;Jawa Barat;Kab. Sumedang;159.837,88;62,27;1,97;9,25;12,57;1,77;0,91;1,25;1,09;8,92
2019;Jawa Barat;Kab. Subang;379.288,79;;;;;;;;;
2019;Jawa Barat;Kab. Bekasi;662.451,28;;;;;;;;;
2019;Jawa Barat;Kab. Pangandaran;62.018,76;;;;;;;;;
2019;Jawa Barat;Kota Bogor;240.205,33;20,00;33,30;19,70;10,00;1,50;3,50;1,00;1,00;10,00
2019;Jawa Barat;Kota Sukabumi;64.956,11;51,00;12,00;7,00;6,00;6,00;4,00;4,00;3,00;7,00
2019;Jawa Barat;Kota Depok;553.449,64;62,95;0,57;6,10;21,36;0,14;0,57;0,50;0,57;7,24
2019;Jawa Barat;Kota Cimahi;99.039,08;;50,60;8,60;15,60;3,10;5,30;;3,00;13,80
2019;Jawa Barat;Kota Tasikmalaya;106.560,83;48,70;;5,80;5,40;0,20;1,90;;6,30;31,60
2019;Jawa Tengah;Kab. Cilacap;333.228,30;57,67;10,63;9,71;16,42;1,33;1,25;0,51;0,65;1,83
2019;Jawa Tengah;Kab. Kebumen;148.386,62;58,00;;11,00;13,00;13,00;1,00;;2,00;2,00
2019;Jawa Tengah;Kab. Purworejo;104.874,14;5,00;55,00;8,00;12,00;3,00;1,00;0,50;1,00;12,50
2019;Jawa Tengah;Kab. Wonosobo;115.411,69;40,00;21,45;10,00;20,00;0,20;0,20;0,15;1,00;2,00
2019;Jawa Tengah;Kab. Boyolali;97.052,73;53,84;1,80;13,31;20,89;1,10;1,57;1,05;0,98;5,46
2019;Jawa Tengah;Kab. Klaten;128.660,97;60,00;5,00;5,00;20,00;0,50;5,00;3,00;0,50;1,00
2019;Jawa Tengah;Kab. Sukoharjo;133.536,71;77,10;1,42;3,12;14,04;0,21;1,39;0,16;0,16;2,40
2019;Jawa Tengah;Kab. Wonogiri;159.359,58;22,30;29,48;19,74;11,81;6,54;;;6,07;4,06
2019;Jawa Tengah;Kab. Sragen;194.447,69;74,70;0,90;8,40;11,10;0,40;2,20;0,30;1,70;0,30
2019;Jawa Tengah;Kab. Grobogan;269.785,74;12,00;44,00;10,00;15,00;2,00;3,00;3,00;5,00;6,00
2019;Jawa Tengah;Kab. Rembang;83.544,12;38,12;1,59;13,38;34,45;0,93;1,88;0,77;1,33;7,55
2019;Jawa Tengah;Kab. Pati;182.981,65;;;;;;;;;
2019;Jawa Tengah;Kab. Kudus;159.083,24;73,00;3,00;8,00;9,00;2,10;1,50;1,00;1,20;
2019;Jawa Tengah;Kab. Jepara;251.072,20;55,08;5,29;11,48;19,63;1,26;2,12;1,02;1,20;2,92
2019;Jawa Tengah;Kab. Semarang;192.320,00;57,50;4,00;7,10;18,20;1,90;2,20;;1,20;0,50
2019;Jawa Tengah;Kab. Kendal;147.743,09;52,20;20,25;9,33;10,76;1,26;3,04;0,86;2,00;0,30
2019;Jawa Tengah;Kab. Batang;84.159,84;;;;;;;;;
2019;Jawa Tengah;Kab. Pemalang;142.657,91;45,00;5,00;10,00;20,00;4,00;4,00;5,00;2,00;5,00
2019;Jawa Tengah;Kab. Brebes;330.160,02;1,00;86,00;1,00;7,00;1,00;1,00;1,00;1,00;1,00
2019;Jawa Tengah;Kota Magelang;31.168,96;33,70;13,30;40,30;0,80;1,80;0,50;3,70;5,90;0,00
2019;Jawa Tengah;Kota Semarang;456.873,35;60,79;;10,18;17,20;1,22;4,94;1,00;1,79;2,88
2019;D.I. Yogyakarta;Kab. Kulon Progo;61.774,21;67,18;;12,60;17,22;1,68;0,21;;1,11;
2019;D.I. Yogyakarta;Kab. Bantul;202.910,55;64,20;3,20;6,20;6,20;13,60;1,10;0,50;1,10;1,70
2019;D.I. Yogyakarta;Kab. Gunungkidul;131.671,16;;;;;;;;;
2019;D.I. Yogyakarta;Kab. Sleman;255.180,17;;;;;;;;;
2019;D.I. Yogyakarta;Kota Yogyakarta;132.116,36;50,21;10,91;6,18;10,79;2,12;0,68;0,13;10,66;8,32
2019;Jawa Timur;Kab. Pacitan;103.962,36;68,20;2,90;8,20;17,20;0,50;0,20;0,30;0,50;2,00
2019;Jawa Timur;Kab. Trenggalek;112.059,38;;;;;;;;;
2019;Jawa Timur;Kab. Tulungagung;189.621,88;46,00;18,00;7,50;4,50;11,00;4,70;2,00;4,00;2,30
2019;Jawa Timur;Kab. Blitar;151.697,14;29,00;50,00;5,00;10,00;;;;;1,00
2019;Jawa Timur;Kab. Kediri;184.669,09;;;;;;;;;
2019;Jawa Timur;Kab. Malang;380.505,78;65,74;1,51;6,88;15,16;0,27;1,12;0,40;0,67;1,93
2019;Jawa Timur;Kab. Lumajang;182.629,01;40,25;17,35;6,44;17,80;1,15;3,25;1,45;1,50;6,60
2019;Jawa Timur;Kab. Banyuwangi;446.019,96;34,04;0,84;18,98;21,76;0,94;1,52;0,57;2,55;18,80
2019;Jawa Timur;Kab. Bondowoso;104.298,71;60,22;2,32;7,63;25,30;1,20;1,13;1,20;1,00;
2019;Jawa Timur;Kab. Situbondo;93.482,61;25,00;25,00;25,00;12,00;3,00;2,00;3,00;1,00;4,00
2019;Jawa Timur;Kab. Probolinggo;170.133,51;20,00;32,00;16,60;16,90;0,40;0,50;12,00;0,20;1,40
2019;Jawa Timur;Kab. Pasuruan;420.500,88;;;;;;;;;
2019;Jawa Timur;Kab. Sidoarjo;446.733,65;70,30;1,40;8,50;11,00;0,20;1,10;0,20;0,50;6,80
2019;Jawa Timur;Kab. Nganjuk;153.973,21;;;;;;;;;
2019;Jawa Timur;Kab. Madiun;99.671,28;63,53;4,15;7,50;19,71;1,34;2,65;0,01;0,13;0,98
2019;Jawa Timur;Kab. Ngawi;133.378,74;10,00;50,00;10,00;20,00;3,00;3,00;1,00;1,00;2,00
2019;Jawa Timur;Kab. Bojonegoro;185.688,35;5,00;20,00;40,00;35,00;;;;;
2019;Jawa Timur;Kab. Tuban;179.184,71;58,53;15,43;5,78;11,02;0,17;1,62;;1,33;6,12
2019;Jawa Timur;Kab. Gresik;118.459,29;42,00;1,00;10,50;16,50;0,50;1,50;;1,00;27,00
2019;Jawa Timur;Kab. Sampang;83.449,95;30,00;13,00;5,20;13,20;5,00;;;0,50;32,90
2019;Jawa Timur;Kab. Pamekasan;98.305,05;;;;;;;;;
2019;Jawa Timur;Kab. Sumenep;131.473,99;58,72;1,08;20,83;17,33;;0,91;0,26;0,57;0,30
2019;Jawa Timur;Kota Kediri;53.828,38;27,00;28,00;15,00;24,00;1,00;0,50;1,50;1,80;1,20
2019;Jawa Timur;Kota Blitar;25.892,37;53,00;13,60;5,20;9,10;0,80;2,90;3,00;3,40;9,00
2019;Jawa Timur;Kota Malang;244.720,24;11,80;61,00;18,00;7,00;0,40;0,80;0,60;0,20;0,20
2019;Jawa Timur;Kota Probolinggo;34.340,81;58,50;5,40;11,20;17,90;0,80;0,90;1,60;1,00;2,00
2019;Jawa Timur;Kota Pasuruan;47.915,72;37,90;32,00;4,30;8,80;4,30;3,50;5,00;1,70;2,50
2019;Jawa Timur;Kota Mojokerto;23.627,73;73,10;0,02;9,51;13,45;0,32;0,90;0,11;0,49;2,10
2019;Jawa Timur;Kota Madiun;42.622,24;81,00;0,50;8,00;4,00;3,00;1,00;1,00;1,00;0,50
2019;Jawa Timur;Kota Surabaya;811.860,24;54,31;1,61;14,63;19,44;0,48;1,47;2,33;1,12;4,61
2019;Jawa Timur;Kota Batu;42.457,19;78,10;0,60;11,20;8,00;0,30;0,50;0,60;0,60;0,10
2019;Banten;Kab. Pandeglang;178.026,41;;;;;;;;;
2019;Banten;Kab. Lebak;186.504,05;30,00;12,00;10,00;15,00;8,00;5,00;5,00;10,00;5,00
2019;Banten;Kab. Tangerang;971.101,08;35,25;17,73;11,35;23,15;1,51;1,26;0,53;2,22;7,00
2019;Banten;Kota Tangerang;578.038,09;61,38;2,24;8,94;10,97;1,68;2,32;2,09;1,78;8,60
2019;Banten;Kota Cilegon;135.211,00;;;;;;;;;
2019;Banten;Kota Tangerang Selatan;376.411,56;11,00;75,00;4,00;8,00;;;;;2,00
2019;Bali;Kab. Jembrana;59.757,44;11,22;30,88;11,10;22,10;2,10;7,00;7,00;2,70;5,90
2019;Bali;Kab. Badung;103.447,64;0,30;51,80;1,60;;;;;;46,30
2019;Bali;Kab. Gianyar;158.910,05;35,20;23,40;10,89;17,01;3,50;0,70;0,70;0,40;8,20
2019;Bali;Kab. Bangli;39.430,37;12,00;70,00;2,00;4,00;1,00;1,00;0,50;0,50;9,00
2019;Bali;Kab. Karangasem;76.029,50;;;;;;;;;
2019;Bali;Kab. Buleleng;122.337,78;2,99;62,57;5,63;10,18;2,82;5,33;4,55;3,33;2,60
2019;Bali;Kota Denpasar;237.808,16;70,00;5,00;2,00;15,00;1,00;1,00;1,00;;5,00
2019;Nusa Tenggara Barat;Kab. Lombok Timur;175.289,35;49,30;29,70;3,50;10,50;1,20;4,00;0,40;1,30;0,10
2019;Nusa Tenggara Barat;Kab. Lombok Utara;26.322,30;;;;;;;;;
2019;Kalimantan Barat;Kab. Sambas;99.133,09;40,00;5,60;14,20;25,00;0,30;1,00;0,90;2,00;11,00
2019;Kalimantan Barat;Kab. Mempawah;25.650,20;10,00;25,00;25,00;20,00;10,00;3,00;2,00;2,00;3,00
2019;Kalimantan Barat;Kab. Sanggau;85.815,88;;;;;;;;;
2019;Kalimantan Barat;Kab. Ketapang;93.023,35;28,00;6,00;9,00;42,00;2,00;3,00;2,00;1,00;7,00
2019;Kalimantan Barat;Kab. Kapuas Hulu;48.035,28;35,65;4,79;11,74;37,02;2,52;1,47;4,45;2,22;0,14
2019;Kalimantan Barat;Kab. Bengkayang;37.172,18;;;;;;;;;
2019;Kalimantan Barat;Kota Pontianak;138.907,10;83,00;1,50;7,20;6,00;2,00;;0,10;;0,20
2019;Kalimantan Tengah;Kab. Kotawaringin Barat;44.395,97;47,00;5,00;10,00;15,00;2,00;2,00;2,00;1,00;16,00
2019;Kalimantan Tengah;Kab. Kotawaringin Timur;91.971,20;45,05;5,00;7,26;20,26;1,82;4,04;1,18;4,33;11,06
2019;Kalimantan Tengah;Kab. Kapuas;65.039,72;39,40;20,00;12,30;13,50;0,16;1,00;;1,00;11,70
2019;Kalimantan Tengah;Kab. Barito Utara;19.084,10;30,00;12,00;14,00;20,00;5,00;5,00;2,00;2,00;10,00
2019;Kalimantan Tengah;Kab. Katingan;16.128,90;56,98;2,06;13,17;14,34;4,02;1,78;3,14;3,28;0,95
2019;Kalimantan Tengah;Kab. Sukamara;9.393,93;;;;;;;;;
2019;Kalimantan Tengah;Kab. Pulang Pisau;23.199,04;23,51;26,74;13,31;25,13;3,19;2,41;0,83;1,79;3,09
2019;Kalimantan Tengah;Kab. Barito Timur;18.523,60;31,00;11,00;5,00;35,00;1,00;6,00;6,00;3,00;2,00
2019;Kalimantan Tengah;Kota Palangkaraya;51.188,70;70,05;1,59;7,14;14,95;0,67;1,30;0,90;1,01;2,39
2019;Kalimantan Selatan;Kab. Tanah Laut;48.827,22;10,00;20,00;3,00;40,00;5,00;1,00;1,00;1,00;19,00
2019;Kalimantan Selatan;Kab. Kotabaru;50.327,66;60,00;3,00;13,00;14,00;2,00;3,00;2,00;3,00;
2019;Kalimantan Selatan;Kab. Barito Kuala;33.315,16;61,70;9,50;10,60;9,80;2,60;1,70;0,80;2,00;1,30
2019;Kalimantan Selatan;Kab. Tapin;27.486,25;51,29;3,11;10,51;32,52;0,65;1,21;0,23;0,14;0,34
2019;Kalimantan Selatan;Kab. Hulu Sungai Selatan;33.966,61;55,18;1,48;13,13;25,35;2,90;0,46;0,90;0,40;0,20
2019;Kalimantan Selatan;Kab. Hulu Sungai Tengah;39.372,11;60,28;2,17;2,90;30,28;1,25;0,30;0,72;2,00;0,10
2019;Kalimantan Selatan;Kab. Hulu Sungai Utara;34.793,55;55,78;8,38;8,72;12,41;0,98;0,84;0,06;6,10;6,73
2019;Kalimantan Selatan;Kab. Tanah Bumbu;65.730,48;3,90;68,20;3,90;11,70;0,20;3,50;0,20;;8,40
2019;Kalimantan Selatan;Kab. Balangan;19.248,64;57,34;10,32;10,80;14,20;2,10;1,70;0,74;1,50;1,30
2019;Kalimantan Selatan;Kota Banjarmasin;181.048,83;59,40;0,10;12,40;15,10;0,50;0,20;0,20;5,70;6,40
2019;Kalimantan Selatan;Kota Banjarbaru;60.412,23;51,00;15,00;11,00;13,00;1,00;4,00;2,00;2,00;1,00
2019;Kalimantan Timur;Kab. Paser;41.831,34;54,99;0,22;10,20;13,64;1,38;13,56;1,20;3,52;1,29
2019;Kalimantan Timur;Kab. Kutai Kartanegara;75.858,97;73,92;0,98;10,43;7,86;2,04;1,57;0,55;1,75;0,90
2019;Kalimantan Timur;Kab. Berau;59.040,68;55,39;1,28;4,02;26,47;9,63;0,05;0,07;0,99;2,10
2019;Kalimantan Timur;Kab. Kutai Timur;77.355,18;30,00;20,00;10,00;25,00;5,00;5,00;2,00;2,00;1,00
2019;Kalimantan Timur;Kab. Penajam Paser Utara;39.386,69;5,00;20,00;40,00;19,00;15,00;0,70;0,20;0,10;
2019;Kalimantan Timur;Kota Balikpapan;167.397,98;42,30;6,36;10,26;7,20;3,87;2,94;0,98;6,56;19,53
2019;Kalimantan Timur;Kota Samarinda;222.992,22;53,39;7,00;17,00;19,90;0,65;0,62;0,06;0,92;0,46
2019;Kalimantan Timur;Kota Bontang;37.122,72;45,00;4,00;27,00;20,00;2,00;0,01;0,02;1,00;0,97
2019;Kalimantan Utara;Kab. Nunukan;16.110,07;46,40;8,20;23,40;21,30;0,20;0,20;0,10;0,10;0,10
2019;Kalimantan Utara;Kota Tarakan;56.319,12;41,00;12,00;16,00;17,00;1,00;2,00;;;11,00
2019;Sulawesi Utara;Kab. Minahasa;62.435,08;;;;;;;;;
2019;Sulawesi Utara;Kab. Kepulauan Sangihe;19.145,86;15,00;35,00;6,00;19,00;5,00;4,00;4,00;7,00;5,00
2019;Sulawesi Utara;Kab. Kepulauan Talaud;23.631,71;60,00;3,00;3,00;20,00;1,00;2,00;2,00;1,00;8,00
2019;Sulawesi Utara;Kab. Minahasa Selatan;34.814,43;;;;;;;;;
2019;Sulawesi Utara;Kab. Minahasa Utara;37.161,38;;;;;;;;;
2019;Sulawesi Utara;Kab. Minahasa Tenggara;16.010,51;40,00;17,00;10,00;16,00;4,00;3,00;2,00;2,00;6,00
2019;Sulawesi Utara;Kab. Kep. Siau Tagulandang Biaro;13.794,08;;;;;;;;;
2019;Sulawesi Utara;Kab. Bolaang Mongondow Selatan;12.057,96;;;;;;;;;
2019;Sulawesi Utara;Kota Bitung;55.955,52;49,11;1,14;18,02;18,92;0,26;1,48;1,48;1,83;7,76
2019;Sulawesi Utara;Kota Tomohon;27.317,29;;;;;;;;;
2019;Sulawesi Utara;Kota Kotamobagu;22.566,67;53,40;5,10;11,80;8,70;5,70;3,50;2,60;2,80;6,40
2019;Sulawesi Tengah;Kab. Banggai;67.699,11;;;;;;;;;
2019;Sulawesi Tengah;Kab. Poso;36.633,30;26,97;24,91;16,99;22,56;2,80;1,75;1,66;1,65;0,71
2019;Sulawesi Tengah;Kab. Donggala;44.032,29;35,00;10,00;20,00;13,00;6,00;3,00;3,00;3,00;7,00
2019;Sulawesi Tengah;Kab. Parigi Moutong;78.696,74;32,84;8,21;37,99;4,19;;;;;16,77
2019;Sulawesi Selatan;Kab. Kepulauan Selayar;24.751,38;43,00;10,00;18,00;15,00;4,00;4,00;2,00;2,00;2,00
2019;Sulawesi Selatan;Kab. Bulukumba;61.538,12;;;;;;;;;
2019;Sulawesi Selatan;Kab. Bantaeng;27.245,35;30,10;27,50;11,00;14,00;1,20;3,00;2,00;1,10;10,00
2019;Sulawesi Selatan;Kab. Sinjai;38.825,34;35,20;14,00;29,00;14,60;1,00;0,70;2,10;1,20;2,20
2019;Sulawesi Selatan;Kab. Bone;137.311,91;73,40;0,50;10,50;8,60;3,10;0,40;1,30;1,90;0,30
2019;Sulawesi Selatan;Kab. Maros;51.555,67;73,98;5,04;8,86;10,18;0,98;;;;0,96
2019;Sulawesi Selatan;Kab. Pangkajene Kepulauan;51.130,37;;;;;;;;;
2019;Sulawesi Selatan;Kab. Barru;26.626,46;50,00;16,00;8,00;15,00;3,00;2,00;1,00;1,00;4,00
2019;Sulawesi Selatan;Kab. Wajo;57.934,26;41,70;17,70;6,30;18,50;2,30;3,10;2,20;2,20;6,00
2019;Sulawesi Selatan;Kab. Sidenreng Rappang;44.087,91;56,00;9,60;6,20;6,60;4,50;3,60;4,20;4,40;4,90
2019;Sulawesi Selatan;Kab. Enrekang;42.850,45;45,00;11,00;9,00;16,00;6,00;3,00;1,00;6,00;3,00
2019;Sulawesi Selatan;Kab. Luwu Utara;47.887,12;38,00;41,81;4,30;6,97;0,44;0,51;0,18;1,00;6,79
2019;Sulawesi Selatan;Kab. Luwu Timur;42.898,01;40,00;10,00;25,00;15,00;3,00;1,00;2,00;2,00;2,00
2019;Sulawesi Selatan;Kota Parepare;26.751,58;54,70;9,25;14,40;12,20;2,45;1,70;1,50;2,20;1,60
2019;Sulawesi Selatan;Kota Palopo;37.876,96;30,00;30,00;20,00;10,00;10,00;;;;
2019;Sulawesi Tenggara;Kab. Kolaka;56.245,11;65,00;4,00;10,00;10,00;5,00;1,00;1,00;2,00;2,00
2019;Sulawesi Tenggara;Kab. Buton;14.768,05;;;;;;;;;
2019;Sulawesi Tenggara;Kab. Bombana;20.446,57;15,00;54,00;6,00;15,00;2,00;2,00;2,00;1,00;3,00
2019;Gorontalo;Kab. Gorontalo;53.495,57;65,00;13,00;14,00;1,00;1,00;1,00;1,00;1,00;3,00
2019;Gorontalo;Kab. Pohuwato;21.238,47;41,00;15,10;12,10;22,40;1,70;;;2,50;5,20
2019;Gorontalo;Kota Gorontalo;51.040,47;21,00;15,00;10,00;35,00;10,00;5,00;2,00;2,00;
2019;Sulawesi Barat;Kab. Pasangkayu;25.399,33;;;;;;;;;
2019;Sulawesi Barat;Kab. Polewali Mandar;64.616,10;65,06;12,35;8,05;6,50;5,55;0,45;0,35;0,27;1,42
2019;Maluku;Kab. Maluku Tenggara;18.175,36;35,00;45,00;7,00;7,00;0,50;2,00;1,50;1,00;1,00
2019;Maluku;Kab. Buru Selatan;11.179,95;22,00;12,00;20,00;31,00;3,00;3,00;2,00;2,00;5,00
2019;Maluku;Kota Ambon;98.145,73;38,00;6,80;11,60;14,60;10,10;5,00;3,00;7,10;3,80
2019;Maluku Utara;Kab. Halmahera Utara;50.166,15;;;;;;;;;
2019;Maluku Utara;Kota Ternate;26.384,69;54,00;5,70;10,60;13,60;6,30;1,60;1,00;3,70;3,50
2019;Maluku Utara;Kota Tidore Kepulauan;16.568,81;34,00;25,00;12,00;11,80;2,30;0,80;1,50;5,80;6,80
2019;Papua;Kab. Biak Numfor;21.232,05;5,69;33,75;27,83;14,79;13,19;0,02;0,21;4,52;0,00
2019;Papua;Kota Jayapura;92.211,70;66,39;10,58;4,79;6,60;4,34;2,05;1,08;0,46;3,71
2019;Papua Selatan;Kab. Asmat;14.233,54;15,00;10,00;30,00;20,00;5,00;5,00;5,00;5,00;5,00
2019;Papua Barat Daya;Kab. Raja Ampat;12.090,99;0,00;0,00;0,00;0,00;0,00;;;0,00;
2018;Papua Barat;Kab. Manokwari;54.830,04;44,00;;11,00;26,00;;;;;19,00
